/*
 Navicat Premium Data Transfer

 Source Server         : 华为云openGauss
 Source Server Type    : PostgreSQL
 Source Server Version : 90204 (90204)
 Source Host           : 113.44.128.90:26000
 Source Catalog        : postgres
 Source Schema         : joe

 Target Server Type    : PostgreSQL
 Target Server Version : 90204 (90204)
 File Encoding         : 65001

 Date: 18/01/2026 18:39:45
*/


-- ----------------------------
-- Sequence structure for seq_maintenance_id
-- ----------------------------
DROP SEQUENCE IF EXISTS "joe"."seq_maintenance_id";
CREATE SEQUENCE "joe"."seq_maintenance_id" 
INCREMENT 1
MINVALUE  1
MAXVALUE 9223372036854775807
START 1
CACHE 1;

-- ----------------------------
-- Table structure for equipment
-- ----------------------------
DROP TABLE IF EXISTS "joe"."equipment";
CREATE TABLE "joe"."equipment" (
  "device_no" varchar(32) COLLATE "pg_catalog"."default" NOT NULL,
  "model" varchar(64) COLLATE "pg_catalog"."default" NOT NULL,
  "manufacturer" varchar(128) COLLATE "pg_catalog"."default",
  "manufacture_date" timestamp(0),
  "purchase_date" timestamp(0),
  "purchase_price" numeric(14,2) DEFAULT 0.00,
  "workshop_id" varchar(32) COLLATE "pg_catalog"."default" NOT NULL,
  "owner" varchar(64) COLLATE "pg_catalog"."default",
  "status" varchar(16) COLLATE "pg_catalog"."default" NOT NULL DEFAULT 'IN_SERVICE'::character varying,
  "remark" text COLLATE "pg_catalog"."default",
  "created_at" timestamp(6) DEFAULT pg_systimestamp(),
  "updated_at" timestamp(6) DEFAULT pg_systimestamp()
)
;

-- ----------------------------
-- Records of equipment
-- ----------------------------
INSERT INTO "joe"."equipment" VALUES ('E2025001', 'A10', '华机', '2022-01-10 00:00:00', '2022-03-01 00:00:00', 10100.00, 'W001', '张三', 'IN_SERVICE', NULL, '2026-01-18 18:35:49.556712', '2026-01-18 18:35:49.556712');
INSERT INTO "joe"."equipment" VALUES ('E2025002', 'A11', '明机', '2022-02-14 00:00:00', '2022-03-15 00:00:00', 10200.00, 'W002', '李四', 'IN_SERVICE', NULL, '2026-01-18 18:35:49.556712', '2026-01-18 18:35:49.556712');
INSERT INTO "joe"."equipment" VALUES ('E2025003', 'A12', '力工', '2022-03-18 00:00:00', '2022-04-04 00:00:00', 10300.00, 'W003', '王五', 'IN_SERVICE', NULL, '2026-01-18 18:35:49.556712', '2026-01-18 18:35:49.556712');
INSERT INTO "joe"."equipment" VALUES ('E2025004', 'A13', '兴电', '2022-04-08 00:00:00', '2022-04-11 00:00:00', 10400.00, 'W004', '赵六', 'UNDER_MAINT', NULL, '2026-01-18 18:35:49.556712', '2026-01-18 18:35:49.556712');
INSERT INTO "joe"."equipment" VALUES ('E2025005', 'A14', '新能源', '2022-05-12 00:00:00', '2022-05-16 00:00:00', 10500.00, 'W005', '刘七', 'IN_SERVICE', NULL, '2026-01-18 18:35:49.556712', '2026-01-18 18:35:49.556712');
INSERT INTO "joe"."equipment" VALUES ('E2025006', 'A10', '华机', '2022-06-16 00:00:00', '2022-06-06 00:00:00', 10600.00, 'W001', '张三', 'IN_SERVICE', NULL, '2026-01-18 18:35:49.556712', '2026-01-18 18:35:49.556712');
INSERT INTO "joe"."equipment" VALUES ('E2025007', 'A11', '明机', '2022-07-20 00:00:00', '2022-07-21 00:00:00', 10700.00, 'W002', '李四', 'IN_SERVICE', NULL, '2026-01-18 18:35:49.556712', '2026-01-18 18:35:49.556712');
INSERT INTO "joe"."equipment" VALUES ('E2025008', 'A12', '力工', '2022-08-24 00:00:00', '2022-08-10 00:00:00', 10800.00, 'W003', '王五', 'IN_SERVICE', NULL, '2026-01-18 18:35:49.556712', '2026-01-18 18:35:49.556712');
INSERT INTO "joe"."equipment" VALUES ('E2025009', 'A13', '兴电', '2022-09-28 00:00:00', '2022-09-25 00:00:00', 10900.00, 'W004', '赵六', 'IN_SERVICE', NULL, '2026-01-18 18:35:49.556712', '2026-01-18 18:35:49.556712');
INSERT INTO "joe"."equipment" VALUES ('E2025010', 'A14', '新能源', '2022-10-05 00:00:00', '2022-10-13 00:00:00', 11000.00, 'W005', '刘七', 'IN_SERVICE', NULL, '2026-01-18 18:35:49.556712', '2026-01-18 18:35:49.556712');
INSERT INTO "joe"."equipment" VALUES ('E2025011', 'A10', '华机', '2022-11-09 00:00:00', '2022-11-27 00:00:00', 11100.00, 'W001', '张三', 'IN_SERVICE', NULL, '2026-01-18 18:35:49.556712', '2026-01-18 18:35:49.556712');
INSERT INTO "joe"."equipment" VALUES ('E2025012', 'A11', '明机', '2022-12-13 00:00:00', '2022-12-01 00:00:00', 11200.00, 'W002', '李四', 'UNDER_MAINT', NULL, '2026-01-18 18:35:49.556712', '2026-01-18 18:35:49.556712');
INSERT INTO "joe"."equipment" VALUES ('E2025013', 'A12', '力工', '2022-01-17 00:00:00', '2022-01-05 00:00:00', 11300.00, 'W003', '王五', 'IN_SERVICE', NULL, '2026-01-18 18:35:49.556712', '2026-01-18 18:35:49.556712');
INSERT INTO "joe"."equipment" VALUES ('E2025014', 'A13', '兴电', '2022-02-21 00:00:00', '2022-02-19 00:00:00', 11400.00, 'W004', '赵六', 'IN_SERVICE', NULL, '2026-01-18 18:35:49.556712', '2026-01-18 18:35:49.556712');
INSERT INTO "joe"."equipment" VALUES ('E2025015', 'A14', '新能源', '2022-03-25 00:00:00', '2022-03-03 00:00:00', 11500.00, 'W005', '刘七', 'IN_SERVICE', NULL, '2026-01-18 18:35:49.556712', '2026-01-18 18:35:49.556712');
INSERT INTO "joe"."equipment" VALUES ('E2025016', 'A10', '华机', '2022-04-29 00:00:00', '2022-04-11 00:00:00', 11600.00, 'W001', '张三', 'IN_SERVICE', NULL, '2026-01-18 18:35:49.556712', '2026-01-18 18:35:49.556712');
INSERT INTO "joe"."equipment" VALUES ('E2025017', 'A11', '明机', '2022-05-03 00:00:00', '2022-05-23 00:00:00', 11700.00, 'W002', '李四', 'IN_SERVICE', NULL, '2026-01-18 18:35:49.556712', '2026-01-18 18:35:49.556712');
INSERT INTO "joe"."equipment" VALUES ('E2025018', 'A12', '力工', '2022-06-07 00:00:00', '2022-06-12 00:00:00', 11800.00, 'W003', '王五', 'IN_SERVICE', NULL, '2026-01-18 18:35:49.556712', '2026-01-18 18:35:49.556712');
INSERT INTO "joe"."equipment" VALUES ('E2025019', 'A13', '兴电', '2022-07-11 00:00:00', '2022-08-01 00:00:00', 11900.00, 'W004', '赵六', 'IN_SERVICE', NULL, '2026-01-18 18:35:49.556712', '2026-01-18 18:35:49.556712');
INSERT INTO "joe"."equipment" VALUES ('E2025020', 'A14', '新能源', '2022-08-15 00:00:00', '2022-09-09 00:00:00', 12000.00, 'W005', '刘七', 'IN_SERVICE', NULL, '2026-01-18 18:35:49.556712', '2026-01-18 18:35:49.556712');
INSERT INTO "joe"."equipment" VALUES ('E2025021', 'A10', '华机', '2022-09-19 00:00:00', '2022-10-03 00:00:00', 12100.00, 'W001', '张三', 'UNDER_MAINT', NULL, '2026-01-18 18:35:49.556712', '2026-01-18 18:35:49.556712');
INSERT INTO "joe"."equipment" VALUES ('E2025022', 'A11', '明机', '2022-10-23 00:00:00', '2022-10-29 00:00:00', 12200.00, 'W002', '李四', 'IN_SERVICE', NULL, '2026-01-18 18:35:49.556712', '2026-01-18 18:35:49.556712');
INSERT INTO "joe"."equipment" VALUES ('E2025023', 'A12', '力工', '2022-11-27 00:00:00', '2022-12-05 00:00:00', 12300.00, 'W003', '王五', 'SCRAPPED', NULL, '2026-01-18 18:35:49.556712', '2026-01-18 18:35:49.556712');
INSERT INTO "joe"."equipment" VALUES ('E2025024', 'A13', '兴电', '2022-12-31 00:00:00', '2022-01-12 00:00:00', 12400.00, 'W004', '赵六', 'IN_SERVICE', NULL, '2026-01-18 18:35:49.556712', '2026-01-18 18:35:49.556712');
INSERT INTO "joe"."equipment" VALUES ('E2025025', 'A14', '新能源', '2022-01-04 00:00:00', '2022-02-18 00:00:00', 12500.00, 'W005', '刘七', 'IN_SERVICE', NULL, '2026-01-18 18:35:49.556712', '2026-01-18 18:35:49.556712');
INSERT INTO "joe"."equipment" VALUES ('E2025026', 'A10', '华机', '2022-02-08 00:00:00', '2022-03-26 00:00:00', 12600.00, 'W001', '张三', 'IN_SERVICE', NULL, '2026-01-18 18:35:49.556712', '2026-01-18 18:35:49.556712');
INSERT INTO "joe"."equipment" VALUES ('E2025027', 'A11', '明机', '2022-03-12 00:00:00', '2022-04-15 00:00:00', 12700.00, 'W002', '李四', 'IN_SERVICE', NULL, '2026-01-18 18:35:49.556712', '2026-01-18 18:35:49.556712');
INSERT INTO "joe"."equipment" VALUES ('E2025028', 'A12', '力工', '2022-04-16 00:00:00', '2022-05-08 00:00:00', 12800.00, 'W003', '王五', 'IN_SERVICE', NULL, '2026-01-18 18:35:49.556712', '2026-01-18 18:35:49.556712');
INSERT INTO "joe"."equipment" VALUES ('E2025029', 'A13', '兴电', '2022-05-20 00:00:00', '2022-06-19 00:00:00', 12900.00, 'W004', '赵六', 'UNDER_MAINT', NULL, '2026-01-18 18:35:49.556712', '2026-01-18 18:35:49.556712');
INSERT INTO "joe"."equipment" VALUES ('E2025030', 'A14', '新能源', '2022-06-24 00:00:00', '2022-07-10 00:00:00', 13000.00, 'W005', '刘七', 'IN_SERVICE', NULL, '2026-01-18 18:35:49.556712', '2026-01-18 18:35:49.556712');
INSERT INTO "joe"."equipment" VALUES ('E2025031', 'A10', '华机', '2022-07-28 00:00:00', '2022-08-29 00:00:00', 13100.00, 'W001', '张三', 'IN_SERVICE', NULL, '2026-01-18 18:35:49.556712', '2026-01-18 18:35:49.556712');
INSERT INTO "joe"."equipment" VALUES ('E2025032', 'A11', '明机', '2022-08-01 00:00:00', '2022-09-15 00:00:00', 13200.00, 'W002', '李四', 'IN_SERVICE', NULL, '2026-01-18 18:35:49.556712', '2026-01-18 18:35:49.556712');
INSERT INTO "joe"."equipment" VALUES ('E2025033', 'A12', '力工', '2022-09-05 00:00:00', '2022-10-25 00:00:00', 13300.00, 'W003', '王五', 'IN_SERVICE', NULL, '2026-01-18 18:35:49.556712', '2026-01-18 18:35:49.556712');
INSERT INTO "joe"."equipment" VALUES ('E2025034', 'A13', '兴电', '2022-10-09 00:00:00', '2022-11-21 00:00:00', 13400.00, 'W004', '赵六', 'IN_SERVICE', NULL, '2026-01-18 18:35:49.556712', '2026-01-18 18:35:49.556712');
INSERT INTO "joe"."equipment" VALUES ('E2025035', 'A14', '新能源', '2022-11-13 00:00:00', '2022-12-06 00:00:00', 13500.00, 'W005', '刘七', 'IN_SERVICE', NULL, '2026-01-18 18:35:49.556712', '2026-01-18 18:35:49.556712');
INSERT INTO "joe"."equipment" VALUES ('E2025036', 'A10', '华机', '2022-12-17 00:00:00', '2022-01-12 00:00:00', 13600.00, 'W001', '张三', 'IN_SERVICE', NULL, '2026-01-18 18:35:49.556712', '2026-01-18 18:35:49.556712');
INSERT INTO "joe"."equipment" VALUES ('E2025037', 'A11', '明机', '2022-01-21 00:00:00', '2022-02-27 00:00:00', 13700.00, 'W002', '李四', 'IN_SERVICE', NULL, '2026-01-18 18:35:49.556712', '2026-01-18 18:35:49.556712');
INSERT INTO "joe"."equipment" VALUES ('E2025038', 'A12', '力工', '2022-02-25 00:00:00', '2022-03-15 00:00:00', 13800.00, 'W003', '王五', 'IN_SERVICE', NULL, '2026-01-18 18:35:49.556712', '2026-01-18 18:35:49.556712');
INSERT INTO "joe"."equipment" VALUES ('E2025039', 'A13', '兴电', '2022-03-31 00:00:00', '2022-04-05 00:00:00', 13900.00, 'W004', '赵六', 'IN_SERVICE', NULL, '2026-01-18 18:35:49.556712', '2026-01-18 18:35:49.556712');
INSERT INTO "joe"."equipment" VALUES ('E2025040', 'A14', '新能源', '2022-04-30 00:00:00', '2022-05-18 00:00:00', 14000.00, 'W005', '刘七', 'IN_SERVICE', NULL, '2026-01-18 18:35:49.556712', '2026-01-18 18:35:49.556712');
INSERT INTO "joe"."equipment" VALUES ('E2025041', 'A10', '华机', '2022-06-03 00:00:00', '2022-07-06 00:00:00', 14100.00, 'W001', '张三', 'UNDER_MAINT', NULL, '2026-01-18 18:35:49.556712', '2026-01-18 18:35:49.556712');
INSERT INTO "joe"."equipment" VALUES ('E2025042', 'A11', '明机', '2022-07-07 00:00:00', '2022-08-03 00:00:00', 14200.00, 'W002', '李四', 'IN_SERVICE', NULL, '2026-01-18 18:35:49.556712', '2026-01-18 18:35:49.556712');
INSERT INTO "joe"."equipment" VALUES ('E2025043', 'A12', '力工', '2022-08-11 00:00:00', '2022-09-27 00:00:00', 14300.00, 'W003', '王五', 'IN_SERVICE', NULL, '2026-01-18 18:35:49.556712', '2026-01-18 18:35:49.556712');
INSERT INTO "joe"."equipment" VALUES ('E2025044', 'A13', '兴电', '2022-09-15 00:00:00', '2022-10-16 00:00:00', 14400.00, 'W004', '赵六', 'IN_SERVICE', NULL, '2026-01-18 18:35:49.556712', '2026-01-18 18:35:49.556712');
INSERT INTO "joe"."equipment" VALUES ('E2025045', 'A14', '新能源', '2022-10-19 00:00:00', '2022-11-22 00:00:00', 14500.00, 'W005', '刘七', 'SCRAPPED', NULL, '2026-01-18 18:35:49.556712', '2026-01-18 18:35:49.556712');
INSERT INTO "joe"."equipment" VALUES ('E2025046', 'A10', '华机', '2022-11-23 00:00:00', '2022-12-02 00:00:00', 14600.00, 'W001', '张三', 'IN_SERVICE', NULL, '2026-01-18 18:35:49.556712', '2026-01-18 18:35:49.556712');
INSERT INTO "joe"."equipment" VALUES ('E2025047', 'A11', '明机', '2022-12-27 00:00:00', '2022-01-13 00:00:00', 14700.00, 'W002', '李四', 'IN_SERVICE', NULL, '2026-01-18 18:35:49.556712', '2026-01-18 18:35:49.556712');
INSERT INTO "joe"."equipment" VALUES ('E2025048', 'A12', '力工', '2022-01-31 00:00:00', '2022-02-09 00:00:00', 14800.00, 'W003', '王五', 'IN_SERVICE', NULL, '2026-01-18 18:35:49.556712', '2026-01-18 18:35:49.556712');
INSERT INTO "joe"."equipment" VALUES ('E2025049', 'A13', '兴电', '2022-03-06 00:00:00', '2022-03-16 00:00:00', 14900.00, 'W004', '赵六', 'IN_SERVICE', NULL, '2026-01-18 18:35:49.556712', '2026-01-18 18:35:49.556712');
INSERT INTO "joe"."equipment" VALUES ('E2025050', 'A14', '新能源', '2022-04-10 00:00:00', '2022-05-10 00:00:00', 15000.00, 'W005', '刘七', 'IN_SERVICE', NULL, '2026-01-18 18:35:49.556712', '2026-01-18 18:35:49.556712');

-- ----------------------------
-- Table structure for maintenance_col
-- ----------------------------
DROP TABLE IF EXISTS "joe"."maintenance_col";
CREATE TABLE "joe"."maintenance_col" (
  "maintenance_id" int8 NOT NULL,
  "maintenance_no" varchar(64) COLLATE "pg_catalog"."default" NOT NULL,
  "device_no" varchar(32) COLLATE "pg_catalog"."default" NOT NULL,
  "maintenance_time" timestamp(6) NOT NULL,
  "fault_type" varchar(128) COLLATE "pg_catalog"."default" NOT NULL,
  "fault_desc" text COLLATE "pg_catalog"."default",
  "repair_action" text COLLATE "pg_catalog"."default",
  "repair_person" varchar(64) COLLATE "pg_catalog"."default",
  "cost" numeric(12,2),
  "duration_minutes" int4,
  "created_at" timestamp(6) DEFAULT pg_systimestamp(),
  "updated_at" timestamp(6) DEFAULT pg_systimestamp()
)
;

-- ----------------------------
-- Records of maintenance_col
-- ----------------------------
INSERT INTO "joe"."maintenance_col" VALUES (1, 'M202500001', 'E2025001', '2025-01-01 09:00:00', '故障类型1', '描述1', '处理1', '张三', 213.00, 37, '2026-01-18 18:38:35.600938', '2026-01-18 18:38:35.600938');
INSERT INTO "joe"."maintenance_col" VALUES (2, 'M202500002', 'E2025002', '2025-01-02 10:00:00', '故障类型2', '描述2', '处理2', '李四', 226.00, 44, '2026-01-18 18:38:35.600938', '2026-01-18 18:38:35.600938');
INSERT INTO "joe"."maintenance_col" VALUES (3, 'M202500003', 'E2025003', '2025-01-03 11:00:00', '故障类型3', '描述3', '处理3', '王五', 239.00, 51, '2026-01-18 18:38:35.600938', '2026-01-18 18:38:35.600938');
INSERT INTO "joe"."maintenance_col" VALUES (4, 'M202500004', 'E2025004', '2025-01-04 12:00:00', '故障类型4', '描述4', '处理4', '赵六', 252.00, 58, '2026-01-18 18:38:35.600938', '2026-01-18 18:38:35.600938');
INSERT INTO "joe"."maintenance_col" VALUES (5, 'M202500005', 'E2025005', '2025-01-05 13:00:00', '故障类型5', '描述5', '处理5', '刘七', 265.00, 65, '2026-01-18 18:38:35.600938', '2026-01-18 18:38:35.600938');
INSERT INTO "joe"."maintenance_col" VALUES (6, 'M202500006', 'E2025006', '2025-01-06 14:00:00', '故障类型1', '描述6', '处理6', '张三', 278.00, 72, '2026-01-18 18:38:35.600938', '2026-01-18 18:38:35.600938');
INSERT INTO "joe"."maintenance_col" VALUES (7, 'M202500007', 'E2025007', '2025-01-07 15:00:00', '故障类型2', '描述7', '处理7', '李四', 291.00, 79, '2026-01-18 18:38:35.600938', '2026-01-18 18:38:35.600938');
INSERT INTO "joe"."maintenance_col" VALUES (8, 'M202500008', 'E2025008', '2025-01-08 08:00:00', '故障类型3', '描述8', '处理8', '王五', 304.00, 86, '2026-01-18 18:38:35.600938', '2026-01-18 18:38:35.600938');
INSERT INTO "joe"."maintenance_col" VALUES (9, 'M202500009', 'E2025009', '2025-01-09 09:00:00', '故障类型4', '描述9', '处理9', '赵六', 317.00, 93, '2026-01-18 18:38:35.600938', '2026-01-18 18:38:35.600938');
INSERT INTO "joe"."maintenance_col" VALUES (10, 'M202500010', 'E2025010', '2025-01-10 10:00:00', '故障类型5', '描述10', '处理10', '刘七', 330.00, 30, '2026-01-18 18:38:35.600938', '2026-01-18 18:38:35.600938');
INSERT INTO "joe"."maintenance_col" VALUES (11, 'M202500011', 'E2025011', '2025-01-11 11:00:00', '故障类型1', '描述11', '处理1', '张三', 343.00, 37, '2026-01-18 18:38:35.600938', '2026-01-18 18:38:35.600938');
INSERT INTO "joe"."maintenance_col" VALUES (12, 'M202500012', 'E2025012', '2025-01-12 12:00:00', '故障类型2', '描述12', '处理2', '李四', 356.00, 44, '2026-01-18 18:38:35.600938', '2026-01-18 18:38:35.600938');
INSERT INTO "joe"."maintenance_col" VALUES (13, 'M202500013', 'E2025013', '2025-01-13 13:00:00', '故障类型3', '描述13', '处理3', '王五', 369.00, 51, '2026-01-18 18:38:35.600938', '2026-01-18 18:38:35.600938');
INSERT INTO "joe"."maintenance_col" VALUES (14, 'M202500014', 'E2025014', '2025-01-14 14:00:00', '故障类型4', '描述14', '处理4', '赵六', 382.00, 58, '2026-01-18 18:38:35.600938', '2026-01-18 18:38:35.600938');
INSERT INTO "joe"."maintenance_col" VALUES (15, 'M202500015', 'E2025015', '2025-01-15 15:00:00', '故障类型5', '描述15', '处理5', '刘七', 395.00, 65, '2026-01-18 18:38:35.600938', '2026-01-18 18:38:35.600938');
INSERT INTO "joe"."maintenance_col" VALUES (16, 'M202500016', 'E2025016', '2025-01-16 08:00:00', '故障类型1', '描述16', '处理6', '张三', 408.00, 72, '2026-01-18 18:38:35.600938', '2026-01-18 18:38:35.600938');
INSERT INTO "joe"."maintenance_col" VALUES (17, 'M202500017', 'E2025017', '2025-01-17 09:00:00', '故障类型2', '描述17', '处理7', '李四', 421.00, 79, '2026-01-18 18:38:35.600938', '2026-01-18 18:38:35.600938');
INSERT INTO "joe"."maintenance_col" VALUES (18, 'M202500018', 'E2025018', '2025-01-18 10:00:00', '故障类型3', '描述18', '处理8', '王五', 434.00, 86, '2026-01-18 18:38:35.600938', '2026-01-18 18:38:35.600938');
INSERT INTO "joe"."maintenance_col" VALUES (19, 'M202500019', 'E2025019', '2025-01-19 11:00:00', '故障类型4', '描述19', '处理9', '赵六', 447.00, 93, '2026-01-18 18:38:35.600938', '2026-01-18 18:38:35.600938');
INSERT INTO "joe"."maintenance_col" VALUES (20, 'M202500020', 'E2025020', '2025-01-20 12:00:00', '故障类型5', '描述20', '处理10', '刘七', 460.00, 30, '2026-01-18 18:38:35.600938', '2026-01-18 18:38:35.600938');
INSERT INTO "joe"."maintenance_col" VALUES (21, 'M202500021', 'E2025021', '2025-01-21 13:00:00', '故障类型1', '描述21', '处理1', '张三', 473.00, 37, '2026-01-18 18:38:35.600938', '2026-01-18 18:38:35.600938');
INSERT INTO "joe"."maintenance_col" VALUES (22, 'M202500022', 'E2025022', '2025-01-22 14:00:00', '故障类型2', '描述22', '处理2', '李四', 486.00, 44, '2026-01-18 18:38:35.600938', '2026-01-18 18:38:35.600938');
INSERT INTO "joe"."maintenance_col" VALUES (23, 'M202500023', 'E2025023', '2025-01-23 15:00:00', '故障类型3', '描述23', '处理3', '王五', 499.00, 51, '2026-01-18 18:38:35.600938', '2026-01-18 18:38:35.600938');
INSERT INTO "joe"."maintenance_col" VALUES (24, 'M202500024', 'E2025024', '2025-01-24 08:00:00', '故障类型4', '描述24', '处理4', '赵六', 512.00, 58, '2026-01-18 18:38:35.600938', '2026-01-18 18:38:35.600938');
INSERT INTO "joe"."maintenance_col" VALUES (25, 'M202500025', 'E2025025', '2025-01-25 09:00:00', '故障类型5', '描述25', '处理5', '刘七', 525.00, 65, '2026-01-18 18:38:35.600938', '2026-01-18 18:38:35.600938');
INSERT INTO "joe"."maintenance_col" VALUES (26, 'M202500026', 'E2025026', '2025-01-26 10:00:00', '故障类型1', '描述26', '处理6', '张三', 538.00, 72, '2026-01-18 18:38:35.600938', '2026-01-18 18:38:35.600938');
INSERT INTO "joe"."maintenance_col" VALUES (27, 'M202500027', 'E2025027', '2025-01-27 11:00:00', '故障类型2', '描述27', '处理7', '李四', 551.00, 79, '2026-01-18 18:38:35.600938', '2026-01-18 18:38:35.600938');
INSERT INTO "joe"."maintenance_col" VALUES (28, 'M202500028', 'E2025028', '2025-01-28 12:00:00', '故障类型3', '描述28', '处理8', '王五', 564.00, 86, '2026-01-18 18:38:35.600938', '2026-01-18 18:38:35.600938');
INSERT INTO "joe"."maintenance_col" VALUES (29, 'M202500029', 'E2025029', '2025-01-01 13:00:00', '故障类型4', '描述29', '处理9', '赵六', 577.00, 93, '2026-01-18 18:38:35.600938', '2026-01-18 18:38:35.600938');
INSERT INTO "joe"."maintenance_col" VALUES (30, 'M202500030', 'E2025030', '2025-01-02 14:00:00', '故障类型5', '描述30', '处理10', '刘七', 590.00, 30, '2026-01-18 18:38:35.600938', '2026-01-18 18:38:35.600938');
INSERT INTO "joe"."maintenance_col" VALUES (31, 'M202500031', 'E2025031', '2025-01-03 15:00:00', '故障类型1', '描述31', '处理1', '张三', 603.00, 37, '2026-01-18 18:38:35.600938', '2026-01-18 18:38:35.600938');
INSERT INTO "joe"."maintenance_col" VALUES (32, 'M202500032', 'E2025032', '2025-01-04 08:00:00', '故障类型2', '描述32', '处理2', '李四', 616.00, 44, '2026-01-18 18:38:35.600938', '2026-01-18 18:38:35.600938');
INSERT INTO "joe"."maintenance_col" VALUES (33, 'M202500033', 'E2025033', '2025-01-05 09:00:00', '故障类型3', '描述33', '处理3', '王五', 629.00, 51, '2026-01-18 18:38:35.600938', '2026-01-18 18:38:35.600938');
INSERT INTO "joe"."maintenance_col" VALUES (34, 'M202500034', 'E2025034', '2025-01-06 10:00:00', '故障类型4', '描述34', '处理4', '赵六', 642.00, 58, '2026-01-18 18:38:35.600938', '2026-01-18 18:38:35.600938');
INSERT INTO "joe"."maintenance_col" VALUES (35, 'M202500035', 'E2025035', '2025-01-07 11:00:00', '故障类型5', '描述35', '处理5', '刘七', 655.00, 65, '2026-01-18 18:38:35.600938', '2026-01-18 18:38:35.600938');
INSERT INTO "joe"."maintenance_col" VALUES (36, 'M202500036', 'E2025036', '2025-01-08 12:00:00', '故障类型1', '描述36', '处理6', '张三', 668.00, 72, '2026-01-18 18:38:35.600938', '2026-01-18 18:38:35.600938');
INSERT INTO "joe"."maintenance_col" VALUES (37, 'M202500037', 'E2025037', '2025-01-09 13:00:00', '故障类型2', '描述37', '处理7', '李四', 681.00, 79, '2026-01-18 18:38:35.600938', '2026-01-18 18:38:35.600938');
INSERT INTO "joe"."maintenance_col" VALUES (38, 'M202500038', 'E2025038', '2025-01-10 14:00:00', '故障类型3', '描述38', '处理8', '王五', 694.00, 86, '2026-01-18 18:38:35.600938', '2026-01-18 18:38:35.600938');
INSERT INTO "joe"."maintenance_col" VALUES (39, 'M202500039', 'E2025039', '2025-01-11 15:00:00', '故障类型4', '描述39', '处理9', '赵六', 707.00, 93, '2026-01-18 18:38:35.600938', '2026-01-18 18:38:35.600938');
INSERT INTO "joe"."maintenance_col" VALUES (40, 'M202500040', 'E2025040', '2025-01-12 08:00:00', '故障类型5', '描述40', '处理10', '刘七', 720.00, 30, '2026-01-18 18:38:35.600938', '2026-01-18 18:38:35.600938');
INSERT INTO "joe"."maintenance_col" VALUES (41, 'M202500041', 'E2025041', '2025-01-13 09:00:00', '故障类型1', '描述41', '处理1', '张三', 733.00, 37, '2026-01-18 18:38:35.600938', '2026-01-18 18:38:35.600938');
INSERT INTO "joe"."maintenance_col" VALUES (42, 'M202500042', 'E2025042', '2025-01-14 10:00:00', '故障类型2', '描述42', '处理2', '李四', 746.00, 44, '2026-01-18 18:38:35.600938', '2026-01-18 18:38:35.600938');
INSERT INTO "joe"."maintenance_col" VALUES (43, 'M202500043', 'E2025043', '2025-01-15 11:00:00', '故障类型3', '描述43', '处理3', '王五', 759.00, 51, '2026-01-18 18:38:35.600938', '2026-01-18 18:38:35.600938');
INSERT INTO "joe"."maintenance_col" VALUES (44, 'M202500044', 'E2025044', '2025-01-16 12:00:00', '故障类型4', '描述44', '处理4', '赵六', 772.00, 58, '2026-01-18 18:38:35.600938', '2026-01-18 18:38:35.600938');
INSERT INTO "joe"."maintenance_col" VALUES (45, 'M202500045', 'E2025045', '2025-01-17 13:00:00', '故障类型5', '描述45', '处理5', '刘七', 785.00, 65, '2026-01-18 18:38:35.600938', '2026-01-18 18:38:35.600938');
INSERT INTO "joe"."maintenance_col" VALUES (46, 'M202500046', 'E2025046', '2025-01-18 14:00:00', '故障类型1', '描述46', '处理6', '张三', 798.00, 72, '2026-01-18 18:38:35.600938', '2026-01-18 18:38:35.600938');
INSERT INTO "joe"."maintenance_col" VALUES (47, 'M202500047', 'E2025047', '2025-01-19 15:00:00', '故障类型2', '描述47', '处理7', '李四', 811.00, 79, '2026-01-18 18:38:35.600938', '2026-01-18 18:38:35.600938');
INSERT INTO "joe"."maintenance_col" VALUES (48, 'M202500048', 'E2025048', '2025-01-20 08:00:00', '故障类型3', '描述48', '处理8', '王五', 824.00, 86, '2026-01-18 18:38:35.600938', '2026-01-18 18:38:35.600938');
INSERT INTO "joe"."maintenance_col" VALUES (49, 'M202500049', 'E2025049', '2025-01-21 09:00:00', '故障类型4', '描述49', '处理9', '赵六', 837.00, 93, '2026-01-18 18:38:35.600938', '2026-01-18 18:38:35.600938');
INSERT INTO "joe"."maintenance_col" VALUES (50, 'M202500050', 'E2025050', '2025-01-22 10:00:00', '故障类型5', '描述50', '处理10', '刘七', 850.00, 30, '2026-01-18 18:38:35.600938', '2026-01-18 18:38:35.600938');
INSERT INTO "joe"."maintenance_col" VALUES (51, 'M202500051', 'E2025001', '2025-02-23 11:00:00', '故障类型1', '描述51', '处理1', '张三', 863.00, 37, '2026-01-18 18:38:35.600938', '2026-01-18 18:38:35.600938');
INSERT INTO "joe"."maintenance_col" VALUES (52, 'M202500052', 'E2025002', '2025-02-24 12:00:00', '故障类型2', '描述52', '处理2', '李四', 876.00, 44, '2026-01-18 18:38:35.600938', '2026-01-18 18:38:35.600938');
INSERT INTO "joe"."maintenance_col" VALUES (53, 'M202500053', 'E2025003', '2025-02-25 13:00:00', '故障类型3', '描述53', '处理3', '王五', 889.00, 51, '2026-01-18 18:38:35.600938', '2026-01-18 18:38:35.600938');
INSERT INTO "joe"."maintenance_col" VALUES (54, 'M202500054', 'E2025004', '2025-02-26 14:00:00', '故障类型4', '描述54', '处理4', '赵六', 902.00, 58, '2026-01-18 18:38:35.600938', '2026-01-18 18:38:35.600938');
INSERT INTO "joe"."maintenance_col" VALUES (55, 'M202500055', 'E2025005', '2025-02-27 15:00:00', '故障类型5', '描述55', '处理5', '刘七', 915.00, 65, '2026-01-18 18:38:35.600938', '2026-01-18 18:38:35.600938');
INSERT INTO "joe"."maintenance_col" VALUES (56, 'M202500056', 'E2025006', '2025-02-28 08:00:00', '故障类型1', '描述56', '处理6', '张三', 928.00, 72, '2026-01-18 18:38:35.600938', '2026-01-18 18:38:35.600938');
INSERT INTO "joe"."maintenance_col" VALUES (57, 'M202500057', 'E2025007', '2025-02-01 09:00:00', '故障类型2', '描述57', '处理7', '李四', 941.00, 79, '2026-01-18 18:38:35.600938', '2026-01-18 18:38:35.600938');
INSERT INTO "joe"."maintenance_col" VALUES (58, 'M202500058', 'E2025008', '2025-02-02 10:00:00', '故障类型3', '描述58', '处理8', '王五', 954.00, 86, '2026-01-18 18:38:35.600938', '2026-01-18 18:38:35.600938');
INSERT INTO "joe"."maintenance_col" VALUES (59, 'M202500059', 'E2025009', '2025-02-03 11:00:00', '故障类型4', '描述59', '处理9', '赵六', 967.00, 93, '2026-01-18 18:38:35.600938', '2026-01-18 18:38:35.600938');
INSERT INTO "joe"."maintenance_col" VALUES (60, 'M202500060', 'E2025010', '2025-02-04 12:00:00', '故障类型5', '描述60', '处理10', '刘七', 980.00, 30, '2026-01-18 18:38:35.600938', '2026-01-18 18:38:35.600938');
INSERT INTO "joe"."maintenance_col" VALUES (61, 'M202500061', 'E2025011', '2025-02-05 13:00:00', '故障类型1', '描述61', '处理1', '张三', 993.00, 37, '2026-01-18 18:38:35.600938', '2026-01-18 18:38:35.600938');
INSERT INTO "joe"."maintenance_col" VALUES (62, 'M202500062', 'E2025012', '2025-02-06 14:00:00', '故障类型2', '描述62', '处理2', '李四', 1006.00, 44, '2026-01-18 18:38:35.600938', '2026-01-18 18:38:35.600938');
INSERT INTO "joe"."maintenance_col" VALUES (63, 'M202500063', 'E2025013', '2025-02-07 15:00:00', '故障类型3', '描述63', '处理3', '王五', 1019.00, 51, '2026-01-18 18:38:35.600938', '2026-01-18 18:38:35.600938');
INSERT INTO "joe"."maintenance_col" VALUES (64, 'M202500064', 'E2025014', '2025-02-08 08:00:00', '故障类型4', '描述64', '处理4', '赵六', 1032.00, 58, '2026-01-18 18:38:35.600938', '2026-01-18 18:38:35.600938');
INSERT INTO "joe"."maintenance_col" VALUES (65, 'M202500065', 'E2025015', '2025-02-09 09:00:00', '故障类型5', '描述65', '处理5', '刘七', 1045.00, 65, '2026-01-18 18:38:35.600938', '2026-01-18 18:38:35.600938');
INSERT INTO "joe"."maintenance_col" VALUES (66, 'M202500066', 'E2025016', '2025-02-10 10:00:00', '故障类型1', '描述66', '处理6', '张三', 1058.00, 72, '2026-01-18 18:38:35.600938', '2026-01-18 18:38:35.600938');
INSERT INTO "joe"."maintenance_col" VALUES (67, 'M202500067', 'E2025017', '2025-02-11 11:00:00', '故障类型2', '描述67', '处理7', '李四', 1071.00, 79, '2026-01-18 18:38:35.600938', '2026-01-18 18:38:35.600938');
INSERT INTO "joe"."maintenance_col" VALUES (68, 'M202500068', 'E2025018', '2025-02-12 12:00:00', '故障类型3', '描述68', '处理8', '王五', 1084.00, 86, '2026-01-18 18:38:35.600938', '2026-01-18 18:38:35.600938');
INSERT INTO "joe"."maintenance_col" VALUES (69, 'M202500069', 'E2025019', '2025-02-13 13:00:00', '故障类型4', '描述69', '处理9', '赵六', 1097.00, 93, '2026-01-18 18:38:35.600938', '2026-01-18 18:38:35.600938');
INSERT INTO "joe"."maintenance_col" VALUES (70, 'M202500070', 'E2025020', '2025-02-14 14:00:00', '故障类型5', '描述70', '处理10', '刘七', 210.00, 30, '2026-01-18 18:38:35.600938', '2026-01-18 18:38:35.600938');
INSERT INTO "joe"."maintenance_col" VALUES (71, 'M202500071', 'E2025021', '2025-02-15 15:00:00', '故障类型1', '描述71', '处理1', '张三', 223.00, 37, '2026-01-18 18:38:35.600938', '2026-01-18 18:38:35.600938');
INSERT INTO "joe"."maintenance_col" VALUES (72, 'M202500072', 'E2025022', '2025-02-16 08:00:00', '故障类型2', '描述72', '处理2', '李四', 236.00, 44, '2026-01-18 18:38:35.600938', '2026-01-18 18:38:35.600938');
INSERT INTO "joe"."maintenance_col" VALUES (73, 'M202500073', 'E2025023', '2025-02-17 09:00:00', '故障类型3', '描述73', '处理3', '王五', 249.00, 51, '2026-01-18 18:38:35.600938', '2026-01-18 18:38:35.600938');
INSERT INTO "joe"."maintenance_col" VALUES (74, 'M202500074', 'E2025024', '2025-02-18 10:00:00', '故障类型4', '描述74', '处理4', '赵六', 262.00, 58, '2026-01-18 18:38:35.600938', '2026-01-18 18:38:35.600938');
INSERT INTO "joe"."maintenance_col" VALUES (75, 'M202500075', 'E2025025', '2025-02-19 11:00:00', '故障类型5', '描述75', '处理5', '刘七', 275.00, 65, '2026-01-18 18:38:35.600938', '2026-01-18 18:38:35.600938');
INSERT INTO "joe"."maintenance_col" VALUES (76, 'M202500076', 'E2025026', '2025-02-20 12:00:00', '故障类型1', '描述76', '处理6', '张三', 288.00, 72, '2026-01-18 18:38:35.600938', '2026-01-18 18:38:35.600938');
INSERT INTO "joe"."maintenance_col" VALUES (77, 'M202500077', 'E2025027', '2025-02-21 13:00:00', '故障类型2', '描述77', '处理7', '李四', 301.00, 79, '2026-01-18 18:38:35.600938', '2026-01-18 18:38:35.600938');
INSERT INTO "joe"."maintenance_col" VALUES (78, 'M202500078', 'E2025028', '2025-02-22 14:00:00', '故障类型3', '描述78', '处理8', '王五', 314.00, 86, '2026-01-18 18:38:35.600938', '2026-01-18 18:38:35.600938');
INSERT INTO "joe"."maintenance_col" VALUES (79, 'M202500079', 'E2025029', '2025-02-23 15:00:00', '故障类型4', '描述79', '处理9', '赵六', 327.00, 93, '2026-01-18 18:38:35.600938', '2026-01-18 18:38:35.600938');
INSERT INTO "joe"."maintenance_col" VALUES (80, 'M202500080', 'E2025030', '2025-02-24 08:00:00', '故障类型5', '描述80', '处理10', '刘七', 340.00, 30, '2026-01-18 18:38:35.600938', '2026-01-18 18:38:35.600938');
INSERT INTO "joe"."maintenance_col" VALUES (81, 'M202500081', 'E2025031', '2025-02-25 09:00:00', '故障类型1', '描述81', '处理1', '张三', 353.00, 37, '2026-01-18 18:38:35.600938', '2026-01-18 18:38:35.600938');
INSERT INTO "joe"."maintenance_col" VALUES (82, 'M202500082', 'E2025032', '2025-02-26 10:00:00', '故障类型2', '描述82', '处理2', '李四', 366.00, 44, '2026-01-18 18:38:35.600938', '2026-01-18 18:38:35.600938');
INSERT INTO "joe"."maintenance_col" VALUES (83, 'M202500083', 'E2025033', '2025-02-27 11:00:00', '故障类型3', '描述83', '处理3', '王五', 379.00, 51, '2026-01-18 18:38:35.600938', '2026-01-18 18:38:35.600938');
INSERT INTO "joe"."maintenance_col" VALUES (84, 'M202500084', 'E2025034', '2025-02-28 12:00:00', '故障类型4', '描述84', '处理4', '赵六', 392.00, 58, '2026-01-18 18:38:35.600938', '2026-01-18 18:38:35.600938');
INSERT INTO "joe"."maintenance_col" VALUES (85, 'M202500085', 'E2025035', '2025-02-01 13:00:00', '故障类型5', '描述85', '处理5', '刘七', 405.00, 65, '2026-01-18 18:38:35.600938', '2026-01-18 18:38:35.600938');
INSERT INTO "joe"."maintenance_col" VALUES (86, 'M202500086', 'E2025036', '2025-02-02 14:00:00', '故障类型1', '描述86', '处理6', '张三', 418.00, 72, '2026-01-18 18:38:35.600938', '2026-01-18 18:38:35.600938');
INSERT INTO "joe"."maintenance_col" VALUES (87, 'M202500087', 'E2025037', '2025-02-03 15:00:00', '故障类型2', '描述87', '处理7', '李四', 431.00, 79, '2026-01-18 18:38:35.600938', '2026-01-18 18:38:35.600938');
INSERT INTO "joe"."maintenance_col" VALUES (88, 'M202500088', 'E2025038', '2025-02-04 08:00:00', '故障类型3', '描述88', '处理8', '王五', 444.00, 86, '2026-01-18 18:38:35.600938', '2026-01-18 18:38:35.600938');
INSERT INTO "joe"."maintenance_col" VALUES (89, 'M202500089', 'E2025039', '2025-02-05 09:00:00', '故障类型4', '描述89', '处理9', '赵六', 457.00, 93, '2026-01-18 18:38:35.600938', '2026-01-18 18:38:35.600938');
INSERT INTO "joe"."maintenance_col" VALUES (90, 'M202500090', 'E2025040', '2025-02-06 10:00:00', '故障类型5', '描述90', '处理10', '刘七', 470.00, 30, '2026-01-18 18:38:35.600938', '2026-01-18 18:38:35.600938');
INSERT INTO "joe"."maintenance_col" VALUES (91, 'M202500091', 'E2025041', '2025-02-07 11:00:00', '故障类型1', '描述91', '处理1', '张三', 483.00, 37, '2026-01-18 18:38:35.600938', '2026-01-18 18:38:35.600938');
INSERT INTO "joe"."maintenance_col" VALUES (92, 'M202500092', 'E2025042', '2025-02-08 12:00:00', '故障类型2', '描述92', '处理2', '李四', 496.00, 44, '2026-01-18 18:38:35.600938', '2026-01-18 18:38:35.600938');
INSERT INTO "joe"."maintenance_col" VALUES (93, 'M202500093', 'E2025043', '2025-02-09 13:00:00', '故障类型3', '描述93', '处理3', '王五', 509.00, 51, '2026-01-18 18:38:35.600938', '2026-01-18 18:38:35.600938');
INSERT INTO "joe"."maintenance_col" VALUES (94, 'M202500094', 'E2025044', '2025-02-10 14:00:00', '故障类型4', '描述94', '处理4', '赵六', 522.00, 58, '2026-01-18 18:38:35.600938', '2026-01-18 18:38:35.600938');
INSERT INTO "joe"."maintenance_col" VALUES (95, 'M202500095', 'E2025045', '2025-02-11 15:00:00', '故障类型5', '描述95', '处理5', '刘七', 535.00, 65, '2026-01-18 18:38:35.600938', '2026-01-18 18:38:35.600938');
INSERT INTO "joe"."maintenance_col" VALUES (96, 'M202500096', 'E2025046', '2025-02-12 08:00:00', '故障类型1', '描述96', '处理6', '张三', 548.00, 72, '2026-01-18 18:38:35.600938', '2026-01-18 18:38:35.600938');
INSERT INTO "joe"."maintenance_col" VALUES (97, 'M202500097', 'E2025047', '2025-02-13 09:00:00', '故障类型2', '描述97', '处理7', '李四', 561.00, 79, '2026-01-18 18:38:35.600938', '2026-01-18 18:38:35.600938');
INSERT INTO "joe"."maintenance_col" VALUES (98, 'M202500098', 'E2025048', '2025-02-14 10:00:00', '故障类型3', '描述98', '处理8', '王五', 574.00, 86, '2026-01-18 18:38:35.600938', '2026-01-18 18:38:35.600938');
INSERT INTO "joe"."maintenance_col" VALUES (99, 'M202500099', 'E2025049', '2025-02-15 11:00:00', '故障类型4', '描述99', '处理9', '赵六', 587.00, 93, '2026-01-18 18:38:35.600938', '2026-01-18 18:38:35.600938');
INSERT INTO "joe"."maintenance_col" VALUES (100, 'M202500100', 'E2025050', '2025-02-16 12:00:00', '故障类型5', '描述100', '处理10', '刘七', 600.00, 30, '2026-01-18 18:38:35.600938', '2026-01-18 18:38:35.600938');
INSERT INTO "joe"."maintenance_col" VALUES (101, 'M202500101', 'E2025001', '2025-03-17 13:00:00', '故障类型1', '描述101', '处理1', '张三', 613.00, 37, '2026-01-18 18:38:35.600938', '2026-01-18 18:38:35.600938');
INSERT INTO "joe"."maintenance_col" VALUES (102, 'M202500102', 'E2025002', '2025-03-18 14:00:00', '故障类型2', '描述102', '处理2', '李四', 626.00, 44, '2026-01-18 18:38:35.600938', '2026-01-18 18:38:35.600938');
INSERT INTO "joe"."maintenance_col" VALUES (103, 'M202500103', 'E2025003', '2025-03-19 15:00:00', '故障类型3', '描述103', '处理3', '王五', 639.00, 51, '2026-01-18 18:38:35.600938', '2026-01-18 18:38:35.600938');
INSERT INTO "joe"."maintenance_col" VALUES (104, 'M202500104', 'E2025004', '2025-03-20 08:00:00', '故障类型4', '描述104', '处理4', '赵六', 652.00, 58, '2026-01-18 18:38:35.600938', '2026-01-18 18:38:35.600938');
INSERT INTO "joe"."maintenance_col" VALUES (105, 'M202500105', 'E2025005', '2025-03-21 09:00:00', '故障类型5', '描述105', '处理5', '刘七', 665.00, 65, '2026-01-18 18:38:35.600938', '2026-01-18 18:38:35.600938');
INSERT INTO "joe"."maintenance_col" VALUES (106, 'M202500106', 'E2025006', '2025-03-22 10:00:00', '故障类型1', '描述106', '处理6', '张三', 678.00, 72, '2026-01-18 18:38:35.600938', '2026-01-18 18:38:35.600938');
INSERT INTO "joe"."maintenance_col" VALUES (107, 'M202500107', 'E2025007', '2025-03-23 11:00:00', '故障类型2', '描述107', '处理7', '李四', 691.00, 79, '2026-01-18 18:38:35.600938', '2026-01-18 18:38:35.600938');
INSERT INTO "joe"."maintenance_col" VALUES (108, 'M202500108', 'E2025008', '2025-03-24 12:00:00', '故障类型3', '描述108', '处理8', '王五', 704.00, 86, '2026-01-18 18:38:35.600938', '2026-01-18 18:38:35.600938');
INSERT INTO "joe"."maintenance_col" VALUES (109, 'M202500109', 'E2025009', '2025-03-25 13:00:00', '故障类型4', '描述109', '处理9', '赵六', 717.00, 93, '2026-01-18 18:38:35.600938', '2026-01-18 18:38:35.600938');
INSERT INTO "joe"."maintenance_col" VALUES (110, 'M202500110', 'E2025010', '2025-03-26 14:00:00', '故障类型5', '描述110', '处理10', '刘七', 730.00, 30, '2026-01-18 18:38:35.600938', '2026-01-18 18:38:35.600938');
INSERT INTO "joe"."maintenance_col" VALUES (111, 'M202500111', 'E2025011', '2025-03-27 15:00:00', '故障类型1', '描述111', '处理1', '张三', 743.00, 37, '2026-01-18 18:38:35.600938', '2026-01-18 18:38:35.600938');
INSERT INTO "joe"."maintenance_col" VALUES (112, 'M202500112', 'E2025012', '2025-03-28 08:00:00', '故障类型2', '描述112', '处理2', '李四', 756.00, 44, '2026-01-18 18:38:35.600938', '2026-01-18 18:38:35.600938');
INSERT INTO "joe"."maintenance_col" VALUES (113, 'M202500113', 'E2025013', '2025-03-01 09:00:00', '故障类型3', '描述113', '处理3', '王五', 769.00, 51, '2026-01-18 18:38:35.600938', '2026-01-18 18:38:35.600938');
INSERT INTO "joe"."maintenance_col" VALUES (114, 'M202500114', 'E2025014', '2025-03-02 10:00:00', '故障类型4', '描述114', '处理4', '赵六', 782.00, 58, '2026-01-18 18:38:35.600938', '2026-01-18 18:38:35.600938');
INSERT INTO "joe"."maintenance_col" VALUES (115, 'M202500115', 'E2025015', '2025-03-03 11:00:00', '故障类型5', '描述115', '处理5', '刘七', 795.00, 65, '2026-01-18 18:38:35.600938', '2026-01-18 18:38:35.600938');
INSERT INTO "joe"."maintenance_col" VALUES (116, 'M202500116', 'E2025016', '2025-03-04 12:00:00', '故障类型1', '描述116', '处理6', '张三', 808.00, 72, '2026-01-18 18:38:35.600938', '2026-01-18 18:38:35.600938');
INSERT INTO "joe"."maintenance_col" VALUES (117, 'M202500117', 'E2025017', '2025-03-05 13:00:00', '故障类型2', '描述117', '处理7', '李四', 821.00, 79, '2026-01-18 18:38:35.600938', '2026-01-18 18:38:35.600938');
INSERT INTO "joe"."maintenance_col" VALUES (118, 'M202500118', 'E2025018', '2025-03-06 14:00:00', '故障类型3', '描述118', '处理8', '王五', 834.00, 86, '2026-01-18 18:38:35.600938', '2026-01-18 18:38:35.600938');
INSERT INTO "joe"."maintenance_col" VALUES (119, 'M202500119', 'E2025019', '2025-03-07 15:00:00', '故障类型4', '描述119', '处理9', '赵六', 847.00, 93, '2026-01-18 18:38:35.600938', '2026-01-18 18:38:35.600938');
INSERT INTO "joe"."maintenance_col" VALUES (120, 'M202500120', 'E2025020', '2025-03-08 08:00:00', '故障类型5', '描述120', '处理10', '刘七', 860.00, 30, '2026-01-18 18:38:35.600938', '2026-01-18 18:38:35.600938');
INSERT INTO "joe"."maintenance_col" VALUES (121, 'M202500121', 'E2025021', '2025-03-09 09:00:00', '故障类型1', '描述121', '处理1', '张三', 873.00, 37, '2026-01-18 18:38:35.600938', '2026-01-18 18:38:35.600938');
INSERT INTO "joe"."maintenance_col" VALUES (122, 'M202500122', 'E2025022', '2025-03-10 10:00:00', '故障类型2', '描述122', '处理2', '李四', 886.00, 44, '2026-01-18 18:38:35.600938', '2026-01-18 18:38:35.600938');
INSERT INTO "joe"."maintenance_col" VALUES (123, 'M202500123', 'E2025023', '2025-03-11 11:00:00', '故障类型3', '描述123', '处理3', '王五', 899.00, 51, '2026-01-18 18:38:35.600938', '2026-01-18 18:38:35.600938');
INSERT INTO "joe"."maintenance_col" VALUES (124, 'M202500124', 'E2025024', '2025-03-12 12:00:00', '故障类型4', '描述124', '处理4', '赵六', 912.00, 58, '2026-01-18 18:38:35.600938', '2026-01-18 18:38:35.600938');
INSERT INTO "joe"."maintenance_col" VALUES (125, 'M202500125', 'E2025025', '2025-03-13 13:00:00', '故障类型5', '描述125', '处理5', '刘七', 925.00, 65, '2026-01-18 18:38:35.600938', '2026-01-18 18:38:35.600938');
INSERT INTO "joe"."maintenance_col" VALUES (126, 'M202500126', 'E2025026', '2025-03-14 14:00:00', '故障类型1', '描述126', '处理6', '张三', 938.00, 72, '2026-01-18 18:38:35.600938', '2026-01-18 18:38:35.600938');
INSERT INTO "joe"."maintenance_col" VALUES (127, 'M202500127', 'E2025027', '2025-03-15 15:00:00', '故障类型2', '描述127', '处理7', '李四', 951.00, 79, '2026-01-18 18:38:35.600938', '2026-01-18 18:38:35.600938');
INSERT INTO "joe"."maintenance_col" VALUES (128, 'M202500128', 'E2025028', '2025-03-16 08:00:00', '故障类型3', '描述128', '处理8', '王五', 964.00, 86, '2026-01-18 18:38:35.600938', '2026-01-18 18:38:35.600938');
INSERT INTO "joe"."maintenance_col" VALUES (129, 'M202500129', 'E2025029', '2025-03-17 09:00:00', '故障类型4', '描述129', '处理9', '赵六', 977.00, 93, '2026-01-18 18:38:35.600938', '2026-01-18 18:38:35.600938');
INSERT INTO "joe"."maintenance_col" VALUES (130, 'M202500130', 'E2025030', '2025-03-18 10:00:00', '故障类型5', '描述130', '处理10', '刘七', 990.00, 30, '2026-01-18 18:38:35.600938', '2026-01-18 18:38:35.600938');
INSERT INTO "joe"."maintenance_col" VALUES (131, 'M202500131', 'E2025031', '2025-03-19 11:00:00', '故障类型1', '描述131', '处理1', '张三', 1003.00, 37, '2026-01-18 18:38:35.600938', '2026-01-18 18:38:35.600938');
INSERT INTO "joe"."maintenance_col" VALUES (132, 'M202500132', 'E2025032', '2025-03-20 12:00:00', '故障类型2', '描述132', '处理2', '李四', 1016.00, 44, '2026-01-18 18:38:35.600938', '2026-01-18 18:38:35.600938');
INSERT INTO "joe"."maintenance_col" VALUES (133, 'M202500133', 'E2025033', '2025-03-21 13:00:00', '故障类型3', '描述133', '处理3', '王五', 1029.00, 51, '2026-01-18 18:38:35.600938', '2026-01-18 18:38:35.600938');
INSERT INTO "joe"."maintenance_col" VALUES (134, 'M202500134', 'E2025034', '2025-03-22 14:00:00', '故障类型4', '描述134', '处理4', '赵六', 1042.00, 58, '2026-01-18 18:38:35.600938', '2026-01-18 18:38:35.600938');
INSERT INTO "joe"."maintenance_col" VALUES (135, 'M202500135', 'E2025035', '2025-03-23 15:00:00', '故障类型5', '描述135', '处理5', '刘七', 1055.00, 65, '2026-01-18 18:38:35.600938', '2026-01-18 18:38:35.600938');
INSERT INTO "joe"."maintenance_col" VALUES (136, 'M202500136', 'E2025036', '2025-03-24 08:00:00', '故障类型1', '描述136', '处理6', '张三', 1068.00, 72, '2026-01-18 18:38:35.600938', '2026-01-18 18:38:35.600938');
INSERT INTO "joe"."maintenance_col" VALUES (137, 'M202500137', 'E2025037', '2025-03-25 09:00:00', '故障类型2', '描述137', '处理7', '李四', 1081.00, 79, '2026-01-18 18:38:35.600938', '2026-01-18 18:38:35.600938');
INSERT INTO "joe"."maintenance_col" VALUES (138, 'M202500138', 'E2025038', '2025-03-26 10:00:00', '故障类型3', '描述138', '处理8', '王五', 1094.00, 86, '2026-01-18 18:38:35.600938', '2026-01-18 18:38:35.600938');
INSERT INTO "joe"."maintenance_col" VALUES (139, 'M202500139', 'E2025039', '2025-03-27 11:00:00', '故障类型4', '描述139', '处理9', '赵六', 207.00, 93, '2026-01-18 18:38:35.600938', '2026-01-18 18:38:35.600938');
INSERT INTO "joe"."maintenance_col" VALUES (140, 'M202500140', 'E2025040', '2025-03-28 12:00:00', '故障类型5', '描述140', '处理10', '刘七', 220.00, 30, '2026-01-18 18:38:35.600938', '2026-01-18 18:38:35.600938');
INSERT INTO "joe"."maintenance_col" VALUES (141, 'M202500141', 'E2025041', '2025-03-01 13:00:00', '故障类型1', '描述141', '处理1', '张三', 233.00, 37, '2026-01-18 18:38:35.600938', '2026-01-18 18:38:35.600938');
INSERT INTO "joe"."maintenance_col" VALUES (142, 'M202500142', 'E2025042', '2025-03-02 14:00:00', '故障类型2', '描述142', '处理2', '李四', 246.00, 44, '2026-01-18 18:38:35.600938', '2026-01-18 18:38:35.600938');
INSERT INTO "joe"."maintenance_col" VALUES (143, 'M202500143', 'E2025043', '2025-03-03 15:00:00', '故障类型3', '描述143', '处理3', '王五', 259.00, 51, '2026-01-18 18:38:35.600938', '2026-01-18 18:38:35.600938');
INSERT INTO "joe"."maintenance_col" VALUES (144, 'M202500144', 'E2025044', '2025-03-04 08:00:00', '故障类型4', '描述144', '处理4', '赵六', 272.00, 58, '2026-01-18 18:38:35.600938', '2026-01-18 18:38:35.600938');
INSERT INTO "joe"."maintenance_col" VALUES (145, 'M202500145', 'E2025045', '2025-03-05 09:00:00', '故障类型5', '描述145', '处理5', '刘七', 285.00, 65, '2026-01-18 18:38:35.600938', '2026-01-18 18:38:35.600938');
INSERT INTO "joe"."maintenance_col" VALUES (146, 'M202500146', 'E2025046', '2025-03-06 10:00:00', '故障类型1', '描述146', '处理6', '张三', 298.00, 72, '2026-01-18 18:38:35.600938', '2026-01-18 18:38:35.600938');
INSERT INTO "joe"."maintenance_col" VALUES (147, 'M202500147', 'E2025047', '2025-03-07 11:00:00', '故障类型2', '描述147', '处理7', '李四', 311.00, 79, '2026-01-18 18:38:35.600938', '2026-01-18 18:38:35.600938');
INSERT INTO "joe"."maintenance_col" VALUES (148, 'M202500148', 'E2025048', '2025-03-08 12:00:00', '故障类型3', '描述148', '处理8', '王五', 324.00, 86, '2026-01-18 18:38:35.600938', '2026-01-18 18:38:35.600938');
INSERT INTO "joe"."maintenance_col" VALUES (149, 'M202500149', 'E2025049', '2025-03-09 13:00:00', '故障类型4', '描述149', '处理9', '赵六', 337.00, 93, '2026-01-18 18:38:35.600938', '2026-01-18 18:38:35.600938');
INSERT INTO "joe"."maintenance_col" VALUES (150, 'M202500150', 'E2025050', '2025-03-10 14:00:00', '故障类型5', '描述150', '处理10', '刘七', 350.00, 30, '2026-01-18 18:38:35.600938', '2026-01-18 18:38:35.600938');
INSERT INTO "joe"."maintenance_col" VALUES (151, 'M202500151', 'E2025001', '2025-04-11 15:00:00', '故障类型1', '描述151', '处理1', '张三', 363.00, 37, '2026-01-18 18:38:35.600938', '2026-01-18 18:38:35.600938');
INSERT INTO "joe"."maintenance_col" VALUES (152, 'M202500152', 'E2025002', '2025-04-12 08:00:00', '故障类型2', '描述152', '处理2', '李四', 376.00, 44, '2026-01-18 18:38:35.600938', '2026-01-18 18:38:35.600938');
INSERT INTO "joe"."maintenance_col" VALUES (153, 'M202500153', 'E2025003', '2025-04-13 09:00:00', '故障类型3', '描述153', '处理3', '王五', 389.00, 51, '2026-01-18 18:38:35.600938', '2026-01-18 18:38:35.600938');
INSERT INTO "joe"."maintenance_col" VALUES (154, 'M202500154', 'E2025004', '2025-04-14 10:00:00', '故障类型4', '描述154', '处理4', '赵六', 402.00, 58, '2026-01-18 18:38:35.600938', '2026-01-18 18:38:35.600938');
INSERT INTO "joe"."maintenance_col" VALUES (155, 'M202500155', 'E2025005', '2025-04-15 11:00:00', '故障类型5', '描述155', '处理5', '刘七', 415.00, 65, '2026-01-18 18:38:35.600938', '2026-01-18 18:38:35.600938');
INSERT INTO "joe"."maintenance_col" VALUES (156, 'M202500156', 'E2025006', '2025-04-16 12:00:00', '故障类型1', '描述156', '处理6', '张三', 428.00, 72, '2026-01-18 18:38:35.600938', '2026-01-18 18:38:35.600938');
INSERT INTO "joe"."maintenance_col" VALUES (157, 'M202500157', 'E2025007', '2025-04-17 13:00:00', '故障类型2', '描述157', '处理7', '李四', 441.00, 79, '2026-01-18 18:38:35.600938', '2026-01-18 18:38:35.600938');
INSERT INTO "joe"."maintenance_col" VALUES (158, 'M202500158', 'E2025008', '2025-04-18 14:00:00', '故障类型3', '描述158', '处理8', '王五', 454.00, 86, '2026-01-18 18:38:35.600938', '2026-01-18 18:38:35.600938');
INSERT INTO "joe"."maintenance_col" VALUES (159, 'M202500159', 'E2025009', '2025-04-19 15:00:00', '故障类型4', '描述159', '处理9', '赵六', 467.00, 93, '2026-01-18 18:38:35.600938', '2026-01-18 18:38:35.600938');
INSERT INTO "joe"."maintenance_col" VALUES (160, 'M202500160', 'E2025010', '2025-04-20 08:00:00', '故障类型5', '描述160', '处理10', '刘七', 480.00, 30, '2026-01-18 18:38:35.600938', '2026-01-18 18:38:35.600938');
INSERT INTO "joe"."maintenance_col" VALUES (161, 'M202500161', 'E2025011', '2025-04-21 09:00:00', '故障类型1', '描述161', '处理1', '张三', 493.00, 37, '2026-01-18 18:38:35.600938', '2026-01-18 18:38:35.600938');
INSERT INTO "joe"."maintenance_col" VALUES (162, 'M202500162', 'E2025012', '2025-04-22 10:00:00', '故障类型2', '描述162', '处理2', '李四', 506.00, 44, '2026-01-18 18:38:35.600938', '2026-01-18 18:38:35.600938');
INSERT INTO "joe"."maintenance_col" VALUES (163, 'M202500163', 'E2025013', '2025-04-23 11:00:00', '故障类型3', '描述163', '处理3', '王五', 519.00, 51, '2026-01-18 18:38:35.600938', '2026-01-18 18:38:35.600938');
INSERT INTO "joe"."maintenance_col" VALUES (164, 'M202500164', 'E2025014', '2025-04-24 12:00:00', '故障类型4', '描述164', '处理4', '赵六', 532.00, 58, '2026-01-18 18:38:35.600938', '2026-01-18 18:38:35.600938');
INSERT INTO "joe"."maintenance_col" VALUES (165, 'M202500165', 'E2025015', '2025-04-25 13:00:00', '故障类型5', '描述165', '处理5', '刘七', 545.00, 65, '2026-01-18 18:38:35.600938', '2026-01-18 18:38:35.600938');
INSERT INTO "joe"."maintenance_col" VALUES (166, 'M202500166', 'E2025016', '2025-04-26 14:00:00', '故障类型1', '描述166', '处理6', '张三', 558.00, 72, '2026-01-18 18:38:35.600938', '2026-01-18 18:38:35.600938');
INSERT INTO "joe"."maintenance_col" VALUES (167, 'M202500167', 'E2025017', '2025-04-27 15:00:00', '故障类型2', '描述167', '处理7', '李四', 571.00, 79, '2026-01-18 18:38:35.600938', '2026-01-18 18:38:35.600938');
INSERT INTO "joe"."maintenance_col" VALUES (168, 'M202500168', 'E2025018', '2025-04-28 08:00:00', '故障类型3', '描述168', '处理8', '王五', 584.00, 86, '2026-01-18 18:38:35.600938', '2026-01-18 18:38:35.600938');
INSERT INTO "joe"."maintenance_col" VALUES (169, 'M202500169', 'E2025019', '2025-04-01 09:00:00', '故障类型4', '描述169', '处理9', '赵六', 597.00, 93, '2026-01-18 18:38:35.600938', '2026-01-18 18:38:35.600938');
INSERT INTO "joe"."maintenance_col" VALUES (170, 'M202500170', 'E2025020', '2025-04-02 10:00:00', '故障类型5', '描述170', '处理10', '刘七', 610.00, 30, '2026-01-18 18:38:35.600938', '2026-01-18 18:38:35.600938');
INSERT INTO "joe"."maintenance_col" VALUES (171, 'M202500171', 'E2025021', '2025-04-03 11:00:00', '故障类型1', '描述171', '处理1', '张三', 623.00, 37, '2026-01-18 18:38:35.600938', '2026-01-18 18:38:35.600938');
INSERT INTO "joe"."maintenance_col" VALUES (172, 'M202500172', 'E2025022', '2025-04-04 12:00:00', '故障类型2', '描述172', '处理2', '李四', 636.00, 44, '2026-01-18 18:38:35.600938', '2026-01-18 18:38:35.600938');
INSERT INTO "joe"."maintenance_col" VALUES (173, 'M202500173', 'E2025023', '2025-04-05 13:00:00', '故障类型3', '描述173', '处理3', '王五', 649.00, 51, '2026-01-18 18:38:35.600938', '2026-01-18 18:38:35.600938');
INSERT INTO "joe"."maintenance_col" VALUES (174, 'M202500174', 'E2025024', '2025-04-06 14:00:00', '故障类型4', '描述174', '处理4', '赵六', 662.00, 58, '2026-01-18 18:38:35.600938', '2026-01-18 18:38:35.600938');
INSERT INTO "joe"."maintenance_col" VALUES (175, 'M202500175', 'E2025025', '2025-04-07 15:00:00', '故障类型5', '描述175', '处理5', '刘七', 675.00, 65, '2026-01-18 18:38:35.600938', '2026-01-18 18:38:35.600938');
INSERT INTO "joe"."maintenance_col" VALUES (176, 'M202500176', 'E2025026', '2025-04-08 08:00:00', '故障类型1', '描述176', '处理6', '张三', 688.00, 72, '2026-01-18 18:38:35.600938', '2026-01-18 18:38:35.600938');
INSERT INTO "joe"."maintenance_col" VALUES (177, 'M202500177', 'E2025027', '2025-04-09 09:00:00', '故障类型2', '描述177', '处理7', '李四', 701.00, 79, '2026-01-18 18:38:35.600938', '2026-01-18 18:38:35.600938');
INSERT INTO "joe"."maintenance_col" VALUES (178, 'M202500178', 'E2025028', '2025-04-10 10:00:00', '故障类型3', '描述178', '处理8', '王五', 714.00, 86, '2026-01-18 18:38:35.600938', '2026-01-18 18:38:35.600938');
INSERT INTO "joe"."maintenance_col" VALUES (179, 'M202500179', 'E2025029', '2025-04-11 11:00:00', '故障类型4', '描述179', '处理9', '赵六', 727.00, 93, '2026-01-18 18:38:35.600938', '2026-01-18 18:38:35.600938');
INSERT INTO "joe"."maintenance_col" VALUES (180, 'M202500180', 'E2025030', '2025-04-12 12:00:00', '故障类型5', '描述180', '处理10', '刘七', 740.00, 30, '2026-01-18 18:38:35.600938', '2026-01-18 18:38:35.600938');
INSERT INTO "joe"."maintenance_col" VALUES (181, 'M202500181', 'E2025031', '2025-04-13 13:00:00', '故障类型1', '描述181', '处理1', '张三', 753.00, 37, '2026-01-18 18:38:35.600938', '2026-01-18 18:38:35.600938');
INSERT INTO "joe"."maintenance_col" VALUES (182, 'M202500182', 'E2025032', '2025-04-14 14:00:00', '故障类型2', '描述182', '处理2', '李四', 766.00, 44, '2026-01-18 18:38:35.600938', '2026-01-18 18:38:35.600938');
INSERT INTO "joe"."maintenance_col" VALUES (183, 'M202500183', 'E2025033', '2025-04-15 15:00:00', '故障类型3', '描述183', '处理3', '王五', 779.00, 51, '2026-01-18 18:38:35.600938', '2026-01-18 18:38:35.600938');
INSERT INTO "joe"."maintenance_col" VALUES (184, 'M202500184', 'E2025034', '2025-04-16 08:00:00', '故障类型4', '描述184', '处理4', '赵六', 792.00, 58, '2026-01-18 18:38:35.600938', '2026-01-18 18:38:35.600938');
INSERT INTO "joe"."maintenance_col" VALUES (185, 'M202500185', 'E2025035', '2025-04-17 09:00:00', '故障类型5', '描述185', '处理5', '刘七', 805.00, 65, '2026-01-18 18:38:35.600938', '2026-01-18 18:38:35.600938');
INSERT INTO "joe"."maintenance_col" VALUES (186, 'M202500186', 'E2025036', '2025-04-18 10:00:00', '故障类型1', '描述186', '处理6', '张三', 818.00, 72, '2026-01-18 18:38:35.600938', '2026-01-18 18:38:35.600938');
INSERT INTO "joe"."maintenance_col" VALUES (187, 'M202500187', 'E2025037', '2025-04-19 11:00:00', '故障类型2', '描述187', '处理7', '李四', 831.00, 79, '2026-01-18 18:38:35.600938', '2026-01-18 18:38:35.600938');
INSERT INTO "joe"."maintenance_col" VALUES (188, 'M202500188', 'E2025038', '2025-04-20 12:00:00', '故障类型3', '描述188', '处理8', '王五', 844.00, 86, '2026-01-18 18:38:35.600938', '2026-01-18 18:38:35.600938');
INSERT INTO "joe"."maintenance_col" VALUES (189, 'M202500189', 'E2025039', '2025-04-21 13:00:00', '故障类型4', '描述189', '处理9', '赵六', 857.00, 93, '2026-01-18 18:38:35.600938', '2026-01-18 18:38:35.600938');
INSERT INTO "joe"."maintenance_col" VALUES (190, 'M202500190', 'E2025040', '2025-04-22 14:00:00', '故障类型5', '描述190', '处理10', '刘七', 870.00, 30, '2026-01-18 18:38:35.600938', '2026-01-18 18:38:35.600938');
INSERT INTO "joe"."maintenance_col" VALUES (191, 'M202500191', 'E2025041', '2025-04-23 15:00:00', '故障类型1', '描述191', '处理1', '张三', 883.00, 37, '2026-01-18 18:38:35.600938', '2026-01-18 18:38:35.600938');
INSERT INTO "joe"."maintenance_col" VALUES (192, 'M202500192', 'E2025042', '2025-04-24 08:00:00', '故障类型2', '描述192', '处理2', '李四', 896.00, 44, '2026-01-18 18:38:35.600938', '2026-01-18 18:38:35.600938');
INSERT INTO "joe"."maintenance_col" VALUES (193, 'M202500193', 'E2025043', '2025-04-25 09:00:00', '故障类型3', '描述193', '处理3', '王五', 909.00, 51, '2026-01-18 18:38:35.600938', '2026-01-18 18:38:35.600938');
INSERT INTO "joe"."maintenance_col" VALUES (194, 'M202500194', 'E2025044', '2025-04-26 10:00:00', '故障类型4', '描述194', '处理4', '赵六', 922.00, 58, '2026-01-18 18:38:35.600938', '2026-01-18 18:38:35.600938');
INSERT INTO "joe"."maintenance_col" VALUES (195, 'M202500195', 'E2025045', '2025-04-27 11:00:00', '故障类型5', '描述195', '处理5', '刘七', 935.00, 65, '2026-01-18 18:38:35.600938', '2026-01-18 18:38:35.600938');
INSERT INTO "joe"."maintenance_col" VALUES (196, 'M202500196', 'E2025046', '2025-04-28 12:00:00', '故障类型1', '描述196', '处理6', '张三', 948.00, 72, '2026-01-18 18:38:35.600938', '2026-01-18 18:38:35.600938');
INSERT INTO "joe"."maintenance_col" VALUES (197, 'M202500197', 'E2025047', '2025-04-01 13:00:00', '故障类型2', '描述197', '处理7', '李四', 961.00, 79, '2026-01-18 18:38:35.600938', '2026-01-18 18:38:35.600938');
INSERT INTO "joe"."maintenance_col" VALUES (198, 'M202500198', 'E2025048', '2025-04-02 14:00:00', '故障类型3', '描述198', '处理8', '王五', 974.00, 86, '2026-01-18 18:38:35.600938', '2026-01-18 18:38:35.600938');
INSERT INTO "joe"."maintenance_col" VALUES (199, 'M202500199', 'E2025049', '2025-04-03 15:00:00', '故障类型4', '描述199', '处理9', '赵六', 987.00, 93, '2026-01-18 18:38:35.600938', '2026-01-18 18:38:35.600938');
INSERT INTO "joe"."maintenance_col" VALUES (200, 'M202500200', 'E2025050', '2025-04-04 08:00:00', '故障类型5', '描述200', '处理10', '刘七', 1000.00, 30, '2026-01-18 18:38:35.600938', '2026-01-18 18:38:35.600938');
INSERT INTO "joe"."maintenance_col" VALUES (201, 'M202500201', 'E2025001', '2025-05-05 09:00:00', '故障类型1', '描述201', '处理1', '张三', 1013.00, 37, '2026-01-18 18:38:35.600938', '2026-01-18 18:38:35.600938');
INSERT INTO "joe"."maintenance_col" VALUES (202, 'M202500202', 'E2025002', '2025-05-06 10:00:00', '故障类型2', '描述202', '处理2', '李四', 1026.00, 44, '2026-01-18 18:38:35.600938', '2026-01-18 18:38:35.600938');
INSERT INTO "joe"."maintenance_col" VALUES (203, 'M202500203', 'E2025003', '2025-05-07 11:00:00', '故障类型3', '描述203', '处理3', '王五', 1039.00, 51, '2026-01-18 18:38:35.600938', '2026-01-18 18:38:35.600938');
INSERT INTO "joe"."maintenance_col" VALUES (204, 'M202500204', 'E2025004', '2025-05-08 12:00:00', '故障类型4', '描述204', '处理4', '赵六', 1052.00, 58, '2026-01-18 18:38:35.600938', '2026-01-18 18:38:35.600938');
INSERT INTO "joe"."maintenance_col" VALUES (205, 'M202500205', 'E2025005', '2025-05-09 13:00:00', '故障类型5', '描述205', '处理5', '刘七', 1065.00, 65, '2026-01-18 18:38:35.600938', '2026-01-18 18:38:35.600938');
INSERT INTO "joe"."maintenance_col" VALUES (206, 'M202500206', 'E2025006', '2025-05-10 14:00:00', '故障类型1', '描述206', '处理6', '张三', 1078.00, 72, '2026-01-18 18:38:35.600938', '2026-01-18 18:38:35.600938');
INSERT INTO "joe"."maintenance_col" VALUES (207, 'M202500207', 'E2025007', '2025-05-11 15:00:00', '故障类型2', '描述207', '处理7', '李四', 1091.00, 79, '2026-01-18 18:38:35.600938', '2026-01-18 18:38:35.600938');
INSERT INTO "joe"."maintenance_col" VALUES (208, 'M202500208', 'E2025008', '2025-05-12 08:00:00', '故障类型3', '描述208', '处理8', '王五', 204.00, 86, '2026-01-18 18:38:35.600938', '2026-01-18 18:38:35.600938');
INSERT INTO "joe"."maintenance_col" VALUES (209, 'M202500209', 'E2025009', '2025-05-13 09:00:00', '故障类型4', '描述209', '处理9', '赵六', 217.00, 93, '2026-01-18 18:38:35.600938', '2026-01-18 18:38:35.600938');
INSERT INTO "joe"."maintenance_col" VALUES (210, 'M202500210', 'E2025010', '2025-05-14 10:00:00', '故障类型5', '描述210', '处理10', '刘七', 230.00, 30, '2026-01-18 18:38:35.600938', '2026-01-18 18:38:35.600938');
INSERT INTO "joe"."maintenance_col" VALUES (211, 'M202500211', 'E2025011', '2025-05-15 11:00:00', '故障类型1', '描述211', '处理1', '张三', 243.00, 37, '2026-01-18 18:38:35.600938', '2026-01-18 18:38:35.600938');
INSERT INTO "joe"."maintenance_col" VALUES (212, 'M202500212', 'E2025012', '2025-05-16 12:00:00', '故障类型2', '描述212', '处理2', '李四', 256.00, 44, '2026-01-18 18:38:35.600938', '2026-01-18 18:38:35.600938');
INSERT INTO "joe"."maintenance_col" VALUES (213, 'M202500213', 'E2025013', '2025-05-17 13:00:00', '故障类型3', '描述213', '处理3', '王五', 269.00, 51, '2026-01-18 18:38:35.600938', '2026-01-18 18:38:35.600938');
INSERT INTO "joe"."maintenance_col" VALUES (214, 'M202500214', 'E2025014', '2025-05-18 14:00:00', '故障类型4', '描述214', '处理4', '赵六', 282.00, 58, '2026-01-18 18:38:35.600938', '2026-01-18 18:38:35.600938');
INSERT INTO "joe"."maintenance_col" VALUES (215, 'M202500215', 'E2025015', '2025-05-19 15:00:00', '故障类型5', '描述215', '处理5', '刘七', 295.00, 65, '2026-01-18 18:38:35.600938', '2026-01-18 18:38:35.600938');
INSERT INTO "joe"."maintenance_col" VALUES (216, 'M202500216', 'E2025016', '2025-05-20 08:00:00', '故障类型1', '描述216', '处理6', '张三', 308.00, 72, '2026-01-18 18:38:35.600938', '2026-01-18 18:38:35.600938');
INSERT INTO "joe"."maintenance_col" VALUES (217, 'M202500217', 'E2025017', '2025-05-21 09:00:00', '故障类型2', '描述217', '处理7', '李四', 321.00, 79, '2026-01-18 18:38:35.600938', '2026-01-18 18:38:35.600938');
INSERT INTO "joe"."maintenance_col" VALUES (218, 'M202500218', 'E2025018', '2025-05-22 10:00:00', '故障类型3', '描述218', '处理8', '王五', 334.00, 86, '2026-01-18 18:38:35.600938', '2026-01-18 18:38:35.600938');
INSERT INTO "joe"."maintenance_col" VALUES (219, 'M202500219', 'E2025019', '2025-05-23 11:00:00', '故障类型4', '描述219', '处理9', '赵六', 347.00, 93, '2026-01-18 18:38:35.600938', '2026-01-18 18:38:35.600938');
INSERT INTO "joe"."maintenance_col" VALUES (220, 'M202500220', 'E2025020', '2025-05-24 12:00:00', '故障类型5', '描述220', '处理10', '刘七', 360.00, 30, '2026-01-18 18:38:35.600938', '2026-01-18 18:38:35.600938');
INSERT INTO "joe"."maintenance_col" VALUES (221, 'M202500221', 'E2025021', '2025-05-25 13:00:00', '故障类型1', '描述221', '处理1', '张三', 373.00, 37, '2026-01-18 18:38:35.600938', '2026-01-18 18:38:35.600938');
INSERT INTO "joe"."maintenance_col" VALUES (222, 'M202500222', 'E2025022', '2025-05-26 14:00:00', '故障类型2', '描述222', '处理2', '李四', 386.00, 44, '2026-01-18 18:38:35.600938', '2026-01-18 18:38:35.600938');
INSERT INTO "joe"."maintenance_col" VALUES (223, 'M202500223', 'E2025023', '2025-05-27 15:00:00', '故障类型3', '描述223', '处理3', '王五', 399.00, 51, '2026-01-18 18:38:35.600938', '2026-01-18 18:38:35.600938');
INSERT INTO "joe"."maintenance_col" VALUES (224, 'M202500224', 'E2025024', '2025-05-28 08:00:00', '故障类型4', '描述224', '处理4', '赵六', 412.00, 58, '2026-01-18 18:38:35.600938', '2026-01-18 18:38:35.600938');
INSERT INTO "joe"."maintenance_col" VALUES (225, 'M202500225', 'E2025025', '2025-05-01 09:00:00', '故障类型5', '描述225', '处理5', '刘七', 425.00, 65, '2026-01-18 18:38:35.600938', '2026-01-18 18:38:35.600938');
INSERT INTO "joe"."maintenance_col" VALUES (226, 'M202500226', 'E2025026', '2025-05-02 10:00:00', '故障类型1', '描述226', '处理6', '张三', 438.00, 72, '2026-01-18 18:38:35.600938', '2026-01-18 18:38:35.600938');
INSERT INTO "joe"."maintenance_col" VALUES (227, 'M202500227', 'E2025027', '2025-05-03 11:00:00', '故障类型2', '描述227', '处理7', '李四', 451.00, 79, '2026-01-18 18:38:35.600938', '2026-01-18 18:38:35.600938');
INSERT INTO "joe"."maintenance_col" VALUES (228, 'M202500228', 'E2025028', '2025-05-04 12:00:00', '故障类型3', '描述228', '处理8', '王五', 464.00, 86, '2026-01-18 18:38:35.600938', '2026-01-18 18:38:35.600938');
INSERT INTO "joe"."maintenance_col" VALUES (229, 'M202500229', 'E2025029', '2025-05-05 13:00:00', '故障类型4', '描述229', '处理9', '赵六', 477.00, 93, '2026-01-18 18:38:35.600938', '2026-01-18 18:38:35.600938');
INSERT INTO "joe"."maintenance_col" VALUES (230, 'M202500230', 'E2025030', '2025-05-06 14:00:00', '故障类型5', '描述230', '处理10', '刘七', 490.00, 30, '2026-01-18 18:38:35.600938', '2026-01-18 18:38:35.600938');
INSERT INTO "joe"."maintenance_col" VALUES (231, 'M202500231', 'E2025031', '2025-05-07 15:00:00', '故障类型1', '描述231', '处理1', '张三', 503.00, 37, '2026-01-18 18:38:35.600938', '2026-01-18 18:38:35.600938');
INSERT INTO "joe"."maintenance_col" VALUES (232, 'M202500232', 'E2025032', '2025-05-08 08:00:00', '故障类型2', '描述232', '处理2', '李四', 516.00, 44, '2026-01-18 18:38:35.600938', '2026-01-18 18:38:35.600938');
INSERT INTO "joe"."maintenance_col" VALUES (233, 'M202500233', 'E2025033', '2025-05-09 09:00:00', '故障类型3', '描述233', '处理3', '王五', 529.00, 51, '2026-01-18 18:38:35.600938', '2026-01-18 18:38:35.600938');
INSERT INTO "joe"."maintenance_col" VALUES (234, 'M202500234', 'E2025034', '2025-05-10 10:00:00', '故障类型4', '描述234', '处理4', '赵六', 542.00, 58, '2026-01-18 18:38:35.600938', '2026-01-18 18:38:35.600938');
INSERT INTO "joe"."maintenance_col" VALUES (235, 'M202500235', 'E2025035', '2025-05-11 11:00:00', '故障类型5', '描述235', '处理5', '刘七', 555.00, 65, '2026-01-18 18:38:35.600938', '2026-01-18 18:38:35.600938');
INSERT INTO "joe"."maintenance_col" VALUES (236, 'M202500236', 'E2025036', '2025-05-12 12:00:00', '故障类型1', '描述236', '处理6', '张三', 568.00, 72, '2026-01-18 18:38:35.600938', '2026-01-18 18:38:35.600938');
INSERT INTO "joe"."maintenance_col" VALUES (237, 'M202500237', 'E2025037', '2025-05-13 13:00:00', '故障类型2', '描述237', '处理7', '李四', 581.00, 79, '2026-01-18 18:38:35.600938', '2026-01-18 18:38:35.600938');
INSERT INTO "joe"."maintenance_col" VALUES (238, 'M202500238', 'E2025038', '2025-05-14 14:00:00', '故障类型3', '描述238', '处理8', '王五', 594.00, 86, '2026-01-18 18:38:35.600938', '2026-01-18 18:38:35.600938');
INSERT INTO "joe"."maintenance_col" VALUES (239, 'M202500239', 'E2025039', '2025-05-15 15:00:00', '故障类型4', '描述239', '处理9', '赵六', 607.00, 93, '2026-01-18 18:38:35.600938', '2026-01-18 18:38:35.600938');
INSERT INTO "joe"."maintenance_col" VALUES (240, 'M202500240', 'E2025040', '2025-05-16 08:00:00', '故障类型5', '描述240', '处理10', '刘七', 620.00, 30, '2026-01-18 18:38:35.600938', '2026-01-18 18:38:35.600938');
INSERT INTO "joe"."maintenance_col" VALUES (241, 'M202500241', 'E2025041', '2025-05-17 09:00:00', '故障类型1', '描述241', '处理1', '张三', 633.00, 37, '2026-01-18 18:38:35.600938', '2026-01-18 18:38:35.600938');
INSERT INTO "joe"."maintenance_col" VALUES (242, 'M202500242', 'E2025042', '2025-05-18 10:00:00', '故障类型2', '描述242', '处理2', '李四', 646.00, 44, '2026-01-18 18:38:35.600938', '2026-01-18 18:38:35.600938');
INSERT INTO "joe"."maintenance_col" VALUES (243, 'M202500243', 'E2025043', '2025-05-19 11:00:00', '故障类型3', '描述243', '处理3', '王五', 659.00, 51, '2026-01-18 18:38:35.600938', '2026-01-18 18:38:35.600938');
INSERT INTO "joe"."maintenance_col" VALUES (244, 'M202500244', 'E2025044', '2025-05-20 12:00:00', '故障类型4', '描述244', '处理4', '赵六', 672.00, 58, '2026-01-18 18:38:35.600938', '2026-01-18 18:38:35.600938');
INSERT INTO "joe"."maintenance_col" VALUES (245, 'M202500245', 'E2025045', '2025-05-21 13:00:00', '故障类型5', '描述245', '处理5', '刘七', 685.00, 65, '2026-01-18 18:38:35.600938', '2026-01-18 18:38:35.600938');
INSERT INTO "joe"."maintenance_col" VALUES (246, 'M202500246', 'E2025046', '2025-05-22 14:00:00', '故障类型1', '描述246', '处理6', '张三', 698.00, 72, '2026-01-18 18:38:35.600938', '2026-01-18 18:38:35.600938');
INSERT INTO "joe"."maintenance_col" VALUES (247, 'M202500247', 'E2025047', '2025-05-23 15:00:00', '故障类型2', '描述247', '处理7', '李四', 711.00, 79, '2026-01-18 18:38:35.600938', '2026-01-18 18:38:35.600938');
INSERT INTO "joe"."maintenance_col" VALUES (248, 'M202500248', 'E2025048', '2025-05-24 08:00:00', '故障类型3', '描述248', '处理8', '王五', 724.00, 86, '2026-01-18 18:38:35.600938', '2026-01-18 18:38:35.600938');
INSERT INTO "joe"."maintenance_col" VALUES (249, 'M202500249', 'E2025049', '2025-05-25 09:00:00', '故障类型4', '描述249', '处理9', '赵六', 737.00, 93, '2026-01-18 18:38:35.600938', '2026-01-18 18:38:35.600938');
INSERT INTO "joe"."maintenance_col" VALUES (250, 'M202500250', 'E2025050', '2025-05-26 10:00:00', '故障类型5', '描述250', '处理10', '刘七', 750.00, 30, '2026-01-18 18:38:35.600938', '2026-01-18 18:38:35.600938');
INSERT INTO "joe"."maintenance_col" VALUES (251, 'M202500251', 'E2025001', '2025-06-27 11:00:00', '故障类型1', '描述251', '处理1', '张三', 763.00, 37, '2026-01-18 18:38:35.600938', '2026-01-18 18:38:35.600938');
INSERT INTO "joe"."maintenance_col" VALUES (252, 'M202500252', 'E2025002', '2025-06-28 12:00:00', '故障类型2', '描述252', '处理2', '李四', 776.00, 44, '2026-01-18 18:38:35.600938', '2026-01-18 18:38:35.600938');
INSERT INTO "joe"."maintenance_col" VALUES (253, 'M202500253', 'E2025003', '2025-06-01 13:00:00', '故障类型3', '描述253', '处理3', '王五', 789.00, 51, '2026-01-18 18:38:35.600938', '2026-01-18 18:38:35.600938');
INSERT INTO "joe"."maintenance_col" VALUES (254, 'M202500254', 'E2025004', '2025-06-02 14:00:00', '故障类型4', '描述254', '处理4', '赵六', 802.00, 58, '2026-01-18 18:38:35.600938', '2026-01-18 18:38:35.600938');
INSERT INTO "joe"."maintenance_col" VALUES (255, 'M202500255', 'E2025005', '2025-06-03 15:00:00', '故障类型5', '描述255', '处理5', '刘七', 815.00, 65, '2026-01-18 18:38:35.600938', '2026-01-18 18:38:35.600938');
INSERT INTO "joe"."maintenance_col" VALUES (256, 'M202500256', 'E2025006', '2025-06-04 08:00:00', '故障类型1', '描述256', '处理6', '张三', 828.00, 72, '2026-01-18 18:38:35.600938', '2026-01-18 18:38:35.600938');
INSERT INTO "joe"."maintenance_col" VALUES (257, 'M202500257', 'E2025007', '2025-06-05 09:00:00', '故障类型2', '描述257', '处理7', '李四', 841.00, 79, '2026-01-18 18:38:35.600938', '2026-01-18 18:38:35.600938');
INSERT INTO "joe"."maintenance_col" VALUES (258, 'M202500258', 'E2025008', '2025-06-06 10:00:00', '故障类型3', '描述258', '处理8', '王五', 854.00, 86, '2026-01-18 18:38:35.600938', '2026-01-18 18:38:35.600938');
INSERT INTO "joe"."maintenance_col" VALUES (259, 'M202500259', 'E2025009', '2025-06-07 11:00:00', '故障类型4', '描述259', '处理9', '赵六', 867.00, 93, '2026-01-18 18:38:35.600938', '2026-01-18 18:38:35.600938');
INSERT INTO "joe"."maintenance_col" VALUES (260, 'M202500260', 'E2025010', '2025-06-08 12:00:00', '故障类型5', '描述260', '处理10', '刘七', 880.00, 30, '2026-01-18 18:38:35.600938', '2026-01-18 18:38:35.600938');
INSERT INTO "joe"."maintenance_col" VALUES (261, 'M202500261', 'E2025011', '2025-06-09 13:00:00', '故障类型1', '描述261', '处理1', '张三', 893.00, 37, '2026-01-18 18:38:35.600938', '2026-01-18 18:38:35.600938');
INSERT INTO "joe"."maintenance_col" VALUES (262, 'M202500262', 'E2025012', '2025-06-10 14:00:00', '故障类型2', '描述262', '处理2', '李四', 906.00, 44, '2026-01-18 18:38:35.600938', '2026-01-18 18:38:35.600938');
INSERT INTO "joe"."maintenance_col" VALUES (263, 'M202500263', 'E2025013', '2025-06-11 15:00:00', '故障类型3', '描述263', '处理3', '王五', 919.00, 51, '2026-01-18 18:38:35.600938', '2026-01-18 18:38:35.600938');
INSERT INTO "joe"."maintenance_col" VALUES (264, 'M202500264', 'E2025014', '2025-06-12 08:00:00', '故障类型4', '描述264', '处理4', '赵六', 932.00, 58, '2026-01-18 18:38:35.600938', '2026-01-18 18:38:35.600938');
INSERT INTO "joe"."maintenance_col" VALUES (265, 'M202500265', 'E2025015', '2025-06-13 09:00:00', '故障类型5', '描述265', '处理5', '刘七', 945.00, 65, '2026-01-18 18:38:35.600938', '2026-01-18 18:38:35.600938');
INSERT INTO "joe"."maintenance_col" VALUES (266, 'M202500266', 'E2025016', '2025-06-14 10:00:00', '故障类型1', '描述266', '处理6', '张三', 958.00, 72, '2026-01-18 18:38:35.600938', '2026-01-18 18:38:35.600938');
INSERT INTO "joe"."maintenance_col" VALUES (267, 'M202500267', 'E2025017', '2025-06-15 11:00:00', '故障类型2', '描述267', '处理7', '李四', 971.00, 79, '2026-01-18 18:38:35.600938', '2026-01-18 18:38:35.600938');
INSERT INTO "joe"."maintenance_col" VALUES (268, 'M202500268', 'E2025018', '2025-06-16 12:00:00', '故障类型3', '描述268', '处理8', '王五', 984.00, 86, '2026-01-18 18:38:35.600938', '2026-01-18 18:38:35.600938');
INSERT INTO "joe"."maintenance_col" VALUES (269, 'M202500269', 'E2025019', '2025-06-17 13:00:00', '故障类型4', '描述269', '处理9', '赵六', 997.00, 93, '2026-01-18 18:38:35.600938', '2026-01-18 18:38:35.600938');
INSERT INTO "joe"."maintenance_col" VALUES (270, 'M202500270', 'E2025020', '2025-06-18 14:00:00', '故障类型5', '描述270', '处理10', '刘七', 1010.00, 30, '2026-01-18 18:38:35.600938', '2026-01-18 18:38:35.600938');
INSERT INTO "joe"."maintenance_col" VALUES (271, 'M202500271', 'E2025021', '2025-06-19 15:00:00', '故障类型1', '描述271', '处理1', '张三', 1023.00, 37, '2026-01-18 18:38:35.600938', '2026-01-18 18:38:35.600938');
INSERT INTO "joe"."maintenance_col" VALUES (272, 'M202500272', 'E2025022', '2025-06-20 08:00:00', '故障类型2', '描述272', '处理2', '李四', 1036.00, 44, '2026-01-18 18:38:35.600938', '2026-01-18 18:38:35.600938');
INSERT INTO "joe"."maintenance_col" VALUES (273, 'M202500273', 'E2025023', '2025-06-21 09:00:00', '故障类型3', '描述273', '处理3', '王五', 1049.00, 51, '2026-01-18 18:38:35.600938', '2026-01-18 18:38:35.600938');
INSERT INTO "joe"."maintenance_col" VALUES (274, 'M202500274', 'E2025024', '2025-06-22 10:00:00', '故障类型4', '描述274', '处理4', '赵六', 1062.00, 58, '2026-01-18 18:38:35.600938', '2026-01-18 18:38:35.600938');
INSERT INTO "joe"."maintenance_col" VALUES (275, 'M202500275', 'E2025025', '2025-06-23 11:00:00', '故障类型5', '描述275', '处理5', '刘七', 1075.00, 65, '2026-01-18 18:38:35.600938', '2026-01-18 18:38:35.600938');
INSERT INTO "joe"."maintenance_col" VALUES (276, 'M202500276', 'E2025026', '2025-06-24 12:00:00', '故障类型1', '描述276', '处理6', '张三', 1088.00, 72, '2026-01-18 18:38:35.600938', '2026-01-18 18:38:35.600938');
INSERT INTO "joe"."maintenance_col" VALUES (277, 'M202500277', 'E2025027', '2025-06-25 13:00:00', '故障类型2', '描述277', '处理7', '李四', 201.00, 79, '2026-01-18 18:38:35.600938', '2026-01-18 18:38:35.600938');
INSERT INTO "joe"."maintenance_col" VALUES (278, 'M202500278', 'E2025028', '2025-06-26 14:00:00', '故障类型3', '描述278', '处理8', '王五', 214.00, 86, '2026-01-18 18:38:35.600938', '2026-01-18 18:38:35.600938');
INSERT INTO "joe"."maintenance_col" VALUES (279, 'M202500279', 'E2025029', '2025-06-27 15:00:00', '故障类型4', '描述279', '处理9', '赵六', 227.00, 93, '2026-01-18 18:38:35.600938', '2026-01-18 18:38:35.600938');
INSERT INTO "joe"."maintenance_col" VALUES (280, 'M202500280', 'E2025030', '2025-06-28 08:00:00', '故障类型5', '描述280', '处理10', '刘七', 240.00, 30, '2026-01-18 18:38:35.600938', '2026-01-18 18:38:35.600938');
INSERT INTO "joe"."maintenance_col" VALUES (281, 'M202500281', 'E2025031', '2025-06-01 09:00:00', '故障类型1', '描述281', '处理1', '张三', 253.00, 37, '2026-01-18 18:38:35.600938', '2026-01-18 18:38:35.600938');
INSERT INTO "joe"."maintenance_col" VALUES (282, 'M202500282', 'E2025032', '2025-06-02 10:00:00', '故障类型2', '描述282', '处理2', '李四', 266.00, 44, '2026-01-18 18:38:35.600938', '2026-01-18 18:38:35.600938');
INSERT INTO "joe"."maintenance_col" VALUES (283, 'M202500283', 'E2025033', '2025-06-03 11:00:00', '故障类型3', '描述283', '处理3', '王五', 279.00, 51, '2026-01-18 18:38:35.600938', '2026-01-18 18:38:35.600938');
INSERT INTO "joe"."maintenance_col" VALUES (284, 'M202500284', 'E2025034', '2025-06-04 12:00:00', '故障类型4', '描述284', '处理4', '赵六', 292.00, 58, '2026-01-18 18:38:35.600938', '2026-01-18 18:38:35.600938');
INSERT INTO "joe"."maintenance_col" VALUES (285, 'M202500285', 'E2025035', '2025-06-05 13:00:00', '故障类型5', '描述285', '处理5', '刘七', 305.00, 65, '2026-01-18 18:38:35.600938', '2026-01-18 18:38:35.600938');
INSERT INTO "joe"."maintenance_col" VALUES (286, 'M202500286', 'E2025036', '2025-06-06 14:00:00', '故障类型1', '描述286', '处理6', '张三', 318.00, 72, '2026-01-18 18:38:35.600938', '2026-01-18 18:38:35.600938');
INSERT INTO "joe"."maintenance_col" VALUES (287, 'M202500287', 'E2025037', '2025-06-07 15:00:00', '故障类型2', '描述287', '处理7', '李四', 331.00, 79, '2026-01-18 18:38:35.600938', '2026-01-18 18:38:35.600938');
INSERT INTO "joe"."maintenance_col" VALUES (288, 'M202500288', 'E2025038', '2025-06-08 08:00:00', '故障类型3', '描述288', '处理8', '王五', 344.00, 86, '2026-01-18 18:38:35.600938', '2026-01-18 18:38:35.600938');
INSERT INTO "joe"."maintenance_col" VALUES (289, 'M202500289', 'E2025039', '2025-06-09 09:00:00', '故障类型4', '描述289', '处理9', '赵六', 357.00, 93, '2026-01-18 18:38:35.600938', '2026-01-18 18:38:35.600938');
INSERT INTO "joe"."maintenance_col" VALUES (290, 'M202500290', 'E2025040', '2025-06-10 10:00:00', '故障类型5', '描述290', '处理10', '刘七', 370.00, 30, '2026-01-18 18:38:35.600938', '2026-01-18 18:38:35.600938');
INSERT INTO "joe"."maintenance_col" VALUES (291, 'M202500291', 'E2025041', '2025-06-11 11:00:00', '故障类型1', '描述291', '处理1', '张三', 383.00, 37, '2026-01-18 18:38:35.600938', '2026-01-18 18:38:35.600938');
INSERT INTO "joe"."maintenance_col" VALUES (292, 'M202500292', 'E2025042', '2025-06-12 12:00:00', '故障类型2', '描述292', '处理2', '李四', 396.00, 44, '2026-01-18 18:38:35.600938', '2026-01-18 18:38:35.600938');
INSERT INTO "joe"."maintenance_col" VALUES (293, 'M202500293', 'E2025043', '2025-06-13 13:00:00', '故障类型3', '描述293', '处理3', '王五', 409.00, 51, '2026-01-18 18:38:35.600938', '2026-01-18 18:38:35.600938');
INSERT INTO "joe"."maintenance_col" VALUES (294, 'M202500294', 'E2025044', '2025-06-14 14:00:00', '故障类型4', '描述294', '处理4', '赵六', 422.00, 58, '2026-01-18 18:38:35.600938', '2026-01-18 18:38:35.600938');
INSERT INTO "joe"."maintenance_col" VALUES (295, 'M202500295', 'E2025045', '2025-06-15 15:00:00', '故障类型5', '描述295', '处理5', '刘七', 435.00, 65, '2026-01-18 18:38:35.600938', '2026-01-18 18:38:35.600938');
INSERT INTO "joe"."maintenance_col" VALUES (296, 'M202500296', 'E2025046', '2025-06-16 08:00:00', '故障类型1', '描述296', '处理6', '张三', 448.00, 72, '2026-01-18 18:38:35.600938', '2026-01-18 18:38:35.600938');
INSERT INTO "joe"."maintenance_col" VALUES (297, 'M202500297', 'E2025047', '2025-06-17 09:00:00', '故障类型2', '描述297', '处理7', '李四', 461.00, 79, '2026-01-18 18:38:35.600938', '2026-01-18 18:38:35.600938');
INSERT INTO "joe"."maintenance_col" VALUES (298, 'M202500298', 'E2025048', '2025-06-18 10:00:00', '故障类型3', '描述298', '处理8', '王五', 474.00, 86, '2026-01-18 18:38:35.600938', '2026-01-18 18:38:35.600938');
INSERT INTO "joe"."maintenance_col" VALUES (299, 'M202500299', 'E2025049', '2025-06-19 11:00:00', '故障类型4', '描述299', '处理9', '赵六', 487.00, 93, '2026-01-18 18:38:35.600938', '2026-01-18 18:38:35.600938');
INSERT INTO "joe"."maintenance_col" VALUES (300, 'M202500300', 'E2025050', '2025-06-20 12:00:00', '故障类型5', '描述300', '处理10', '刘七', 500.00, 30, '2026-01-18 18:38:35.600938', '2026-01-18 18:38:35.600938');

-- ----------------------------
-- Table structure for workshop
-- ----------------------------
DROP TABLE IF EXISTS "joe"."workshop";
CREATE TABLE "joe"."workshop" (
  "workshop_id" varchar(32) COLLATE "pg_catalog"."default" NOT NULL,
  "name" varchar(128) COLLATE "pg_catalog"."default" NOT NULL,
  "manager" varchar(64) COLLATE "pg_catalog"."default",
  "location" varchar(128) COLLATE "pg_catalog"."default",
  "description" text COLLATE "pg_catalog"."default",
  "created_at" timestamp(6) DEFAULT pg_systimestamp(),
  "updated_at" timestamp(6) DEFAULT pg_systimestamp()
)
;

-- ----------------------------
-- Records of workshop
-- ----------------------------
INSERT INTO "joe"."workshop" VALUES ('W001', '装配车间', '张三', '一楼西区', '主要负责整机装配', '2026-01-18 18:35:17.085976', '2026-01-18 18:35:17.085976');
INSERT INTO "joe"."workshop" VALUES ('W002', '焊接车间', '李四', '二楼南区', '负责焊接及热处理', '2026-01-18 18:35:17.085976', '2026-01-18 18:35:17.085976');
INSERT INTO "joe"."workshop" VALUES ('W003', '机加车间', '王五', '一楼东区', '金加工序', '2026-01-18 18:35:17.085976', '2026-01-18 18:35:17.085976');
INSERT INTO "joe"."workshop" VALUES ('W004', '涂装车间', '赵六', '三楼北区', '表面喷涂与防锈', '2026-01-18 18:35:17.085976', '2026-01-18 18:35:17.085976');
INSERT INTO "joe"."workshop" VALUES ('W005', '调试车间', '刘七', '一楼南区', '机械设备调试与质检', '2026-01-18 18:35:17.085976', '2026-01-18 18:35:17.085976');

-- ----------------------------
-- Function structure for prevent_equipment_delete
-- ----------------------------
DROP FUNCTION IF EXISTS "joe"."prevent_equipment_delete"();
CREATE OR REPLACE FUNCTION "joe"."prevent_equipment_delete"()
  RETURNS "pg_catalog"."trigger" AS $BODY$
BEGIN
  IF EXISTS (SELECT 1 FROM maintenance_col WHERE device_no = OLD.device_no) THEN
    RAISE EXCEPTION '不能删除设备 %：存在维修记录，请先删除或归档相关维修记录', OLD.device_no;
  END IF;
  RETURN OLD;
END;
$BODY$
  LANGUAGE plpgsql VOLATILE
  COST 100;

-- ----------------------------
-- Function structure for sp_delete_maintenance
-- ----------------------------
DROP FUNCTION IF EXISTS "joe"."sp_delete_maintenance"("p_maintenance_id" int8);
CREATE OR REPLACE FUNCTION "joe"."sp_delete_maintenance"("p_maintenance_id" int8)
  RETURNS "pg_catalog"."void" AS $BODY$
DECLARE
    v_old_no VARCHAR;
BEGIN
    -- 取出旧 maintenance_no（用于校验/日志等）
    SELECT maintenance_no INTO v_old_no FROM maintenance_col WHERE maintenance_id = p_maintenance_id;
    IF NOT FOUND THEN
        RAISE EXCEPTION '维护记录 % 不存在', p_maintenance_id;
    END IF;

    -- 删除记录
    DELETE FROM maintenance_col WHERE maintenance_id = p_maintenance_id;

    -- 不再维护 maintenance_no_lock 表（已移除该机制）
    RETURN;
END;
$BODY$
  LANGUAGE plpgsql VOLATILE SECURITY DEFINER
  COST 100;

-- ----------------------------
-- Function structure for sp_insert_maintenance
-- ----------------------------
DROP FUNCTION IF EXISTS "joe"."sp_insert_maintenance"("p_maintenance_no" varchar, "p_device_no" varchar, "p_maintenance_time" timestamptz, "p_fault_type" varchar, "p_fault_desc" text, "p_repair_action" varchar, "p_repair_person" varchar, "p_cost" numeric, "p_duration_minutes" int4);
CREATE OR REPLACE FUNCTION "joe"."sp_insert_maintenance"("p_maintenance_no" varchar, "p_device_no" varchar, "p_maintenance_time" timestamptz, "p_fault_type" varchar, "p_fault_desc" text, "p_repair_action" varchar, "p_repair_person" varchar, "p_cost" numeric, "p_duration_minutes" int4)
  RETURNS "pg_catalog"."int8" AS $BODY$
DECLARE
    v_id    BIGINT;
    v_cnt   INT;
    v_mtime TIMESTAMP;
BEGIN
    -- cost 校验
    IF p_cost IS NOT NULL AND p_cost < 0 THEN
        RAISE EXCEPTION 'cost 必须 >= 0: %', p_cost;
    END IF;

    -- device 存在性校验
    SELECT COUNT(*) INTO v_cnt FROM equipment WHERE device_no = p_device_no;
    IF v_cnt = 0 THEN
        RAISE EXCEPTION '引用设备不存在: %', p_device_no;
    END IF;

    -- 生成自增 id（注意：序列名使用当前 schema）
    v_id := nextval(quote_ident(current_schema()) || '.seq_maintenance_id');

    -- 处理时间：若传入 timestamptz，则转换为 timestamp
    IF p_maintenance_time IS NULL THEN
        v_mtime := CURRENT_TIMESTAMP;
    ELSE
        v_mtime := p_maintenance_time::timestamp;
    END IF;

    -- 尝试插入，捕获唯一约束冲突
    BEGIN
        INSERT INTO maintenance_col (
            maintenance_id, maintenance_no, device_no, maintenance_time,
            fault_type, fault_desc, repair_action, repair_person,
            cost, duration_minutes, created_at, updated_at
        ) VALUES (
            v_id, p_maintenance_no, p_device_no, v_mtime,
            p_fault_type, p_fault_desc, p_repair_action, p_repair_person,
            p_cost, p_duration_minutes, CURRENT_TIMESTAMP, CURRENT_TIMESTAMP
        );
    EXCEPTION WHEN unique_violation THEN
        -- maintenance_no 已存在（依赖数据库唯一约束）
        RAISE EXCEPTION 'maintenance_no 已存在: %', p_maintenance_no;
    END;

    RETURN v_id;
END;
$BODY$
  LANGUAGE plpgsql VOLATILE SECURITY DEFINER
  COST 100;

-- ----------------------------
-- Function structure for sp_update_maintenance
-- ----------------------------
DROP FUNCTION IF EXISTS "joe"."sp_update_maintenance"("p_maintenance_id" int8, "p_maintenance_no" varchar, "p_device_no" varchar, "p_maintenance_time" timestamptz, "p_fault_type" varchar, "p_fault_desc" text, "p_repair_action" varchar, "p_repair_person" varchar, "p_cost" numeric, "p_duration_minutes" int4);
CREATE OR REPLACE FUNCTION "joe"."sp_update_maintenance"("p_maintenance_id" int8, "p_maintenance_no" varchar, "p_device_no" varchar, "p_maintenance_time" timestamptz, "p_fault_type" varchar, "p_fault_desc" text, "p_repair_action" varchar, "p_repair_person" varchar, "p_cost" numeric, "p_duration_minutes" int4)
  RETURNS "pg_catalog"."void" AS $BODY$
DECLARE
    v_old_no VARCHAR;
    v_cnt    INT;
    v_mtime  TIMESTAMP;
BEGIN
    -- 确认记录存在并取出旧 maintenance_no
    SELECT maintenance_no INTO v_old_no
    FROM maintenance_col
    WHERE maintenance_id = p_maintenance_id;
    IF NOT FOUND THEN
        RAISE EXCEPTION '维护记录 % 不存在', p_maintenance_id;
    END IF;

    -- cost 校验
    IF p_cost IS NOT NULL AND p_cost < 0 THEN
        RAISE EXCEPTION 'cost 必须 >= 0: %', p_cost;
    END IF;

    -- device 存在性校验
    SELECT COUNT(*) INTO v_cnt FROM equipment WHERE device_no = p_device_no;
    IF v_cnt = 0 THEN
        RAISE EXCEPTION '引用设备不存在: %', p_device_no;
    END IF;

    -- 处理时间：将 timestamptz 转为 timestamp（如果 p_maintenance_time 为 NULL 使用当前时间）
    IF p_maintenance_time IS NULL THEN
        v_mtime := CURRENT_TIMESTAMP;
    ELSE
        v_mtime := p_maintenance_time::timestamp;
    END IF;

    -- 执行更新并捕获唯一约束冲突（如 maintenance_no 与其它记录重复）
    BEGIN
        UPDATE maintenance_col
        SET
            maintenance_no   = p_maintenance_no,
            device_no        = p_device_no,
            maintenance_time = v_mtime,
            fault_type       = p_fault_type,
            fault_desc       = p_fault_desc,
            repair_action    = p_repair_action,
            repair_person    = p_repair_person,
            cost             = p_cost,
            duration_minutes = p_duration_minutes,
            updated_at       = CURRENT_TIMESTAMP
        WHERE maintenance_id = p_maintenance_id;
    EXCEPTION WHEN unique_violation THEN
        RAISE EXCEPTION 'maintenance_no 已存在: %', p_maintenance_no;
    END;

    RETURN;
END;
$BODY$
  LANGUAGE plpgsql VOLATILE SECURITY DEFINER
  COST 100;

-- ----------------------------
-- Alter sequences owned by
-- ----------------------------
SELECT setval('"joe"."seq_maintenance_id"', 8, true);

-- ----------------------------
-- Indexes structure for table equipment
-- ----------------------------
CREATE INDEX "idx_equipment_model" ON "joe"."equipment" USING btree (
  "model" COLLATE "pg_catalog"."default" "pg_catalog"."text_ops" ASC NULLS LAST
);
CREATE INDEX "idx_equipment_owner" ON "joe"."equipment" USING btree (
  "owner" COLLATE "pg_catalog"."default" "pg_catalog"."text_ops" ASC NULLS LAST
);
CREATE INDEX "idx_equipment_workshop" ON "joe"."equipment" USING btree (
  "workshop_id" COLLATE "pg_catalog"."default" "pg_catalog"."text_ops" ASC NULLS LAST
);

-- ----------------------------
-- Triggers structure for table equipment
-- ----------------------------
CREATE TRIGGER "trg_prevent_equipment_delete" BEFORE DELETE ON "joe"."equipment"
FOR EACH ROW
EXECUTE PROCEDURE "joe"."prevent_equipment_delete"();

-- ----------------------------
-- Checks structure for table equipment
-- ----------------------------
ALTER TABLE "joe"."equipment" ADD CONSTRAINT "chk_equipment_status" CHECK (((status)::text = ANY ((ARRAY['IN_SERVICE'::character varying, 'UNDER_MAINT'::character varying, 'SCRAPPED'::character varying])::text[])));
ALTER TABLE "joe"."equipment" ADD CONSTRAINT "equipment_purchase_price_check" CHECK ((purchase_price >= (0)::numeric));

-- ----------------------------
-- Primary Key structure for table equipment
-- ----------------------------
ALTER TABLE "joe"."equipment" ADD CONSTRAINT "equipment_pkey" PRIMARY KEY ("device_no");

-- ----------------------------
-- Indexes structure for table maintenance_col
-- ----------------------------
CREATE INDEX "idx_mc_device" ON "joe"."maintenance_col" USING psort (
  "device_no" COLLATE "pg_catalog"."default" "pg_catalog"."text_ops"
);
CREATE INDEX "idx_mc_device_time" ON "joe"."maintenance_col" USING psort (
  "device_no" COLLATE "pg_catalog"."default" "pg_catalog"."text_ops",
  "maintenance_time" "pg_catalog"."timestamp_ops"
);
CREATE INDEX "idx_mc_time" ON "joe"."maintenance_col" USING psort (
  "maintenance_time" "pg_catalog"."timestamp_ops"
);

-- ----------------------------
-- Uniques structure for table maintenance_col
-- ----------------------------
ALTER TABLE "joe"."maintenance_col" ADD CONSTRAINT "maintenance_col_maintenance_no_key" UNIQUE ("maintenance_no");

-- ----------------------------
-- Primary Key structure for table maintenance_col
-- ----------------------------
ALTER TABLE "joe"."maintenance_col" ADD CONSTRAINT "maintenance_col_pkey" PRIMARY KEY ("maintenance_id");

-- ----------------------------
-- Indexes structure for table workshop
-- ----------------------------
CREATE INDEX "idx_workshop_name" ON "joe"."workshop" USING btree (
  "name" COLLATE "pg_catalog"."default" "pg_catalog"."text_ops" ASC NULLS LAST
);

-- ----------------------------
-- Primary Key structure for table workshop
-- ----------------------------
ALTER TABLE "joe"."workshop" ADD CONSTRAINT "workshop_pkey" PRIMARY KEY ("workshop_id");

-- ----------------------------
-- Foreign Keys structure for table equipment
-- ----------------------------
ALTER TABLE "joe"."equipment" ADD CONSTRAINT "fk_equipment_workshop" FOREIGN KEY ("workshop_id") REFERENCES "joe"."workshop" ("workshop_id") ON DELETE RESTRICT ON UPDATE CASCADE;
